benchmark,interval,cluster,index,cpi,ipc,timing
zip,125000,0,0,1.261722,0.792568,1.15
zip,125000,0,1,1.294386,0.772567,1.26
zip,125000,0,2,1.293394,0.773159,1.27
zip,125000,0,3,0.696829,1.435073,1.20
zip,125000,0,4,0.794968,1.257912,1.25
zip,125000,0,5,1.293698,0.772978,1.22
zip,125000,0,6,1.292951,0.773424,1.22
zip,125000,0,7,1.261630,0.792626,1.23
zip,125000,0,8,1.068034,0.936300,1.29
zip,125000,0,9,1.292141,0.773910,1.23
zip,125000,1,0,0.711019,1.406431,1.26
zip,125000,1,1,1.326384,0.753929,1.40
zip,125000,1,2,1.084839,0.921795,1.27
zip,125000,1,3,1.326344,0.753952,1.30
zip,125000,1,4,1.326339,0.753955,1.31
zip,125000,1,5,1.324656,0.754913,1.22
zip,125000,1,6,1.328259,0.752865,1.28
zip,125000,1,7,0.655781,1.524899,1.26
zip,125000,1,8,1.326883,0.753646,1.25
zip,125000,1,9,1.324784,0.754840,1.30
zip,125000,2,0,0.340573,2.936226,1.18
zip,125000,2,1,0.343778,2.908850,1.24
zip,125000,2,2,0.343832,2.908395,1.24
zip,125000,2,3,0.344672,2.901307,1.17
zip,125000,2,4,0.349240,2.863360,1.17
zip,125000,2,5,0.343603,2.910338,1.17
zip,125000,2,6,0.382582,2.613818,1.24
zip,125000,2,7,0.353864,2.825948,1.23
zip,125000,2,8,0.352043,2.840564,1.21
zip,125000,2,9,0.351182,2.847529,1.21
zip,125000,3,0,2.935616,0.340644,0.80
zip,125000,3,1,1.012320,0.987830,1.60
zip,125000,4,0,0.614113,1.628364,1.23
zip,125000,4,1,0.658459,1.518698,1.27
zip,125000,4,2,0.701210,1.426106,1.15
zip,125000,4,3,0.704631,1.419182,1.25
zip,125000,4,4,0.706150,1.416130,1.20
zip,125000,4,5,0.726484,1.376494,1.24
zip,125000,4,6,0.729582,1.370647,1.27
zip,125000,4,7,0.748556,1.335905,1.24
zip,125000,4,8,0.749842,1.333614,1.26
zip,125000,4,9,0.782901,1.277301,1.22
zip,125000,5,0,0.792995,1.261042,1.29
zip,125000,5,1,0.830196,1.204535,1.22
zip,125000,5,2,0.834571,1.198221,1.21
zip,125000,5,3,0.843379,1.185707,1.26
zip,125000,5,4,0.972439,1.028342,1.32
zip,125000,5,5,1.054519,0.948300,1.31
zip,125000,5,6,1.099160,0.909786,1.19
zip,125000,5,7,1.111560,0.899637,1.31
zip,125000,5,8,1.116726,0.895475,1.26
zip,125000,5,9,1.121342,0.891789,1.27
zip,125000,6,0,0.632055,1.582140,1.24
zip,125000,6,1,0.673403,1.484996,1.18
zip,125000,6,2,0.714807,1.398979,1.29
zip,125000,6,3,0.734738,1.361029,1.22
zip,125000,6,4,0.737860,1.355270,1.25
zip,125000,6,5,0.750098,1.333159,1.25
zip,125000,6,6,0.754504,1.325374,1.23
zip,125000,6,7,0.782805,1.277457,1.20
zip,125000,6,8,0.807810,1.237916,1.22
zip,125000,6,9,0.811626,1.232095,1.23
zip,125000,7,0,0.366248,2.730390,1.22
zip,125000,7,1,0.364875,2.740665,1.21
zip,125000,7,2,0.363675,2.749709,1.26
zip,125000,7,3,0.360815,2.771501,1.20
zip,125000,7,4,0.359524,2.781452,1.19
zip,125000,7,5,0.371344,2.692921,1.21
zip,125000,7,6,0.357122,2.800161,1.20
zip,125000,7,7,0.360946,2.770496,1.20
zip,125000,7,8,0.359906,2.778501,1.22
zip,125000,7,9,0.367248,2.722956,1.23
zip,250000,0,0,0.344268,2.904714,1.31
zip,250000,0,1,0.445581,2.244262,1.38
zip,250000,0,2,0.347063,2.881323,1.46
zip,250000,0,3,0.342609,2.918776,1.36
zip,250000,0,4,0.347455,2.878072,1.35
zip,250000,0,5,0.343628,2.910123,1.35
zip,250000,0,6,0.351209,2.847304,1.40
zip,250000,0,7,0.346951,2.882253,1.38
zip,250000,0,8,0.367780,2.719017,1.39
zip,250000,0,9,0.352488,2.836976,1.40
zip,250000,1,0,0.359324,2.783006,1.36
zip,250000,1,1,0.355763,2.810861,1.39
zip,250000,1,2,0.355812,2.810473,1.45
zip,250000,1,3,0.358231,2.791496,1.33
zip,250000,1,4,0.353139,2.831749,1.37
zip,250000,1,5,0.360045,2.777430,1.86
zip,250000,1,6,0.354636,2.819793,1.35
zip,250000,1,7,0.352302,2.838477,1.39
zip,250000,1,8,0.353143,2.831715,1.42
zip,250000,1,9,0.350400,2.853881,1.36
zip,250000,2,0,0.960184,1.041467,1.46
zip,250000,2,1,0.993748,1.006291,1.46
zip,250000,2,2,1.008472,0.991599,1.40
zip,250000,2,3,1.018508,0.981828,1.42
zip,250000,2,4,1.021740,0.978723,1.42
zip,250000,2,5,1.043660,0.958166,1.45
zip,250000,2,6,1.085252,0.921445,1.42
zip,250000,2,7,1.088228,0.918925,1.46
zip,250000,2,8,1.131160,0.884048,1.46
zip,250000,2,9,1.133189,0.882466,1.44
zip,250000,3,0,1.277824,0.782580,1.49
zip,250000,3,1,1.105408,0.904643,1.47
zip,250000,3,2,1.143984,0.874138,1.38
zip,250000,3,3,1.278491,0.782172,1.43
zip,250000,3,4,1.278715,0.782035,1.47
zip,250000,3,5,1.277871,0.782552,1.46
zip,250000,3,6,1.277103,0.783022,1.48
zip,250000,3,7,1.277199,0.782963,1.50
zip,250000,3,8,1.277811,0.782588,1.49
zip,250000,3,9,1.277146,0.782996,1.41
zip,250000,4,0,0.943208,1.060212,1.46
zip,250000,4,1,0.972576,1.028197,1.49
zip,250000,4,2,1.013008,0.987159,1.46
zip,250000,4,3,1.048944,0.953340,1.45
zip,250000,4,4,1.053320,0.949379,1.46
zip,250000,4,5,1.102052,0.907398,1.41
zip,250000,4,6,1.117592,0.894781,1.48
zip,250000,4,7,1.125584,0.888428,1.41
zip,250000,4,8,1.132064,0.883342,1.47
zip,250000,4,9,1.147728,0.871287,1.46
zip,250000,5,0,1.975696,0.506151,1.13
zip,500000,0,0,1.060780,0.942702,1.75
zip,500000,0,1,1.253575,0.797719,1.90
zip,500000,0,2,1.253477,0.797781,1.90
zip,500000,0,3,1.217831,0.821132,1.85
zip,500000,0,4,1.253609,0.797697,1.83
zip,500000,0,5,1.253576,0.797718,1.85
zip,500000,0,6,1.253563,0.797726,1.81
zip,500000,0,7,1.253539,0.797742,1.81
zip,500000,0,8,1.253569,0.797722,1.87
zip,500000,0,9,1.253623,0.797688,1.82
zip,500000,1,0,1.095460,0.912858,1.86
zip,500000,1,1,1.128759,0.885929,1.91
zip,500000,1,2,1.157800,0.863707,1.85
zip,500000,1,3,1.160325,0.861827,1.81
zip,500000,1,4,1.169956,0.854733,1.84
zip,500000,1,5,1.170961,0.853999,1.85
zip,500000,1,6,1.189244,0.840870,1.85
zip,500000,1,7,1.197996,0.834727,1.84
zip,500000,1,8,1.206588,0.828783,1.92
zip,500000,1,9,1.214460,0.823411,1.83
zip,500000,2,0,1.238202,0.807623,1.82
zip,500000,2,1,1.253978,0.797462,1.83
zip,500000,2,2,1.102992,0.906625,1.86
zip,500000,2,3,1.253566,0.797724,1.85
zip,500000,2,4,1.253889,0.797519,1.90
zip,500000,2,5,1.002718,0.997289,1.80
zip,500000,2,6,1.253892,0.797517,1.90
zip,500000,2,7,1.253194,0.797961,1.88
zip,500000,2,8,1.253599,0.797703,1.90
zip,500000,2,9,1.253556,0.797731,1.80
zip,500000,3,0,0.357255,2.799119,1.72
zip,500000,3,1,0.360848,2.771251,1.74
zip,500000,3,2,0.356206,2.807364,1.72
zip,500000,3,3,0.352665,2.835555,1.72
zip,500000,3,4,0.367095,2.724089,1.76
zip,500000,3,5,0.354076,2.824252,1.75
zip,500000,3,6,0.350474,2.853279,1.70
zip,500000,3,7,0.379370,2.635949,1.73
zip,500000,4,0,1.253898,0.797513,1.88
zip,500000,4,1,1.253553,0.797732,1.85
zip,500000,4,2,1.253559,0.797729,1.88
zip,500000,4,3,1.253265,0.797916,1.85
zip,500000,4,4,1.253339,0.797869,1.90
zip,500000,4,5,1.253271,0.797912,1.87
zip,500000,4,6,1.253663,0.797663,1.92
zip,500000,4,7,0.758422,1.318528,1.78
zip,500000,4,8,1.158706,0.863031,1.83
zip,500000,4,9,1.253732,0.797619,1.83
zip,500000,5,0,1.244809,0.803336,1.88
zip,500000,5,1,1.237475,0.808097,1.79
zip,500000,5,2,1.244744,0.803378,1.83
zip,500000,5,3,1.237476,0.808097,1.86
zip,500000,5,4,1.240547,0.806096,1.92
zip,500000,5,5,1.244614,0.803462,1.79
zip,500000,5,6,1.237149,0.808310,1.84
zip,500000,5,7,1.240919,0.805854,1.87
zip,500000,5,8,1.241508,0.805472,1.87
zip,500000,5,9,1.237234,0.808255,1.82
zip,500000,6,0,1.074888,0.930329,1.91
zip,500000,6,1,1.078134,0.927528,1.86
zip,500000,6,2,1.099000,0.909918,1.81
zip,500000,6,3,1.104508,0.905380,1.88
zip,500000,6,4,1.135308,0.880818,1.80
zip,500000,6,5,1.137676,0.878985,1.77
zip,500000,6,6,1.142630,0.875174,1.84
zip,500000,6,7,1.143372,0.874606,1.81
zip,500000,6,8,1.163900,0.859180,1.80
zip,500000,6,9,1.165596,0.857930,1.83
zip,500000,7,0,0.986432,1.013755,1.78
zip,500000,7,1,1.253229,0.797939,1.86
zip,500000,7,2,1.171095,0.853902,1.84
zip,500000,7,3,1.051618,0.950916,1.76
zip,500000,7,4,1.254248,0.797290,1.88
zip,500000,7,5,1.253547,0.797736,1.80
zip,500000,7,6,1.253630,0.797684,1.84
zip,500000,7,7,1.253235,0.797935,1.88
zip,500000,7,8,1.253451,0.797797,1.84
zip,500000,7,9,1.253557,0.797730,1.87
zip,500000,8,0,0.486948,2.053608,1.74
zip,500000,8,1,0.427902,2.336984,1.69
zip,500000,8,2,0.436237,2.292331,1.68
zip,500000,8,3,0.383302,2.608911,1.72
zip,500000,8,4,0.377414,2.649610,1.75
zip,500000,8,5,0.434207,2.303046,1.75
zip,500000,8,6,0.372961,2.681244,1.68
zip,500000,8,7,0.394102,2.537414,1.65
zip,500000,8,8,0.409406,2.442565,1.74
zip,500000,8,9,0.476760,2.097491,1.77
zip,500000,9,0,1.089245,0.918067,1.85
zip,500000,9,1,1.119588,0.893186,1.84
zip,500000,9,2,1.123784,0.889851,1.89
zip,500000,9,3,1.133116,0.882522,1.85
zip,500000,9,4,1.141437,0.876089,1.82
zip,500000,9,5,1.148586,0.870635,1.79
zip,500000,9,6,1.155376,0.865519,1.95
zip,500000,9,7,1.156135,0.864951,1.80
zip,500000,9,8,1.165937,0.857680,1.82
zip,500000,9,9,1.168658,0.855682,1.81
zip,500000,10,0,1.253553,0.797733,1.81
zip,500000,10,1,0.955018,1.047100,1.80
zip,500000,10,2,1.117296,0.895018,1.86
zip,500000,10,3,1.253281,0.797906,1.78
zip,500000,10,4,1.253152,0.797988,1.80
zip,500000,10,5,1.061474,0.942086,1.83
zip,500000,10,6,1.253224,0.797942,1.94
zip,500000,10,7,1.253892,0.797517,1.81
zip,500000,10,8,1.253526,0.797750,1.85
zip,500000,10,9,1.253540,0.797741,1.88
zip,500000,11,0,1.253615,0.797693,1.80
zip,500000,11,1,0.881350,1.134622,1.76
zip,500000,11,2,1.036566,0.964724,1.90
zip,500000,11,3,1.253891,0.797517,1.97
zip,500000,11,4,1.253599,0.797703,3.17
zip,500000,11,5,1.214568,0.823338,2.61
zip,500000,11,6,0.982034,1.018295,2.94
zip,500000,11,7,1.253608,0.797698,3.77
zip,500000,11,8,1.253640,0.797677,3.09
zip,500000,11,9,1.253616,0.797692,2.84
zip,500000,12,0,0.806713,1.239598,3.20
zip,500000,12,1,0.923916,1.082350,3.24
zip,500000,12,2,1.104674,0.905244,2.80
zip,500000,12,3,1.254186,0.797330,3.03
zip,500000,12,4,1.253937,0.797488,3.60
zip,500000,12,5,1.253967,0.797469,3.12
zip,500000,12,6,1.254005,0.797445,2.99
zip,500000,12,7,1.254235,0.797299,2.59
zip,500000,12,8,0.976702,1.023854,2.58
zip,500000,12,9,1.253931,0.797492,2.98
zip,500000,13,0,1.109374,0.901409,3.21
zip,500000,13,1,1.121842,0.891391,3.40
zip,500000,13,2,1.131743,0.883593,2.97
zip,500000,13,3,1.146823,0.871974,2.70
zip,500000,13,4,1.156909,0.864372,2.46
zip,500000,13,5,1.172663,0.852760,2.55
zip,500000,13,6,1.176231,0.850173,2.31
zip,500000,13,7,1.182667,0.845547,2.17
zip,500000,13,8,1.202991,0.831262,2.64
zip,500000,13,9,1.224591,0.816599,2.64
zip,500000,14,0,1.190566,0.839937,2.05
zip,500000,15,0,0.496439,2.014346,1.95
zip,500000,15,1,0.906546,1.103088,2.55
zip,500000,15,2,0.929324,1.076051,2.83
zip,500000,15,3,0.548224,1.824071,2.46
zip,500000,15,4,0.797239,1.254329,3.30
zip,500000,15,5,0.798952,1.251639,2.48
zip,500000,15,6,0.783065,1.277033,3.12
zip,500000,15,7,0.627451,1.593751,2.69
zip,500000,15,8,0.652335,1.532954,3.21
zip,500000,15,9,0.824884,1.212292,2.99
zip,500000,16,0,0.343893,2.907884,2.61
zip,500000,16,1,0.342251,2.921835,2.48
zip,500000,16,2,0.342336,2.921107,2.45
zip,500000,16,3,0.342203,2.922245,2.83
zip,500000,16,4,0.342608,2.918788,2.82
zip,500000,16,5,0.342089,2.923219,2.21
zip,500000,16,6,0.343619,2.910197,1.96
zip,500000,16,7,0.342806,2.917102,2.41
zip,500000,16,8,0.346320,2.887502,1.71
zip,500000,16,9,0.345934,2.890724,1.82
zip,500000,17,0,1.158685,0.863047,1.96
zip,500000,17,1,1.253574,0.797719,1.95
zip,500000,17,2,0.928990,1.076438,2.17
zip,500000,17,3,1.253221,0.797944,2.10
zip,500000,17,4,1.030352,0.970542,1.89
zip,500000,17,5,1.253573,0.797720,1.87
zip,500000,17,6,1.254056,0.797413,1.82
zip,500000,17,7,1.253581,0.797714,1.80
zip,500000,17,8,1.253912,0.797504,1.79
zip,500000,17,9,1.253645,0.797674,1.83
zip,500000,18,0,1.197819,0.834851,1.76
zip,500000,18,1,1.253821,0.797562,1.85
zip,500000,18,2,1.254240,0.797296,1.82
zip,500000,18,3,1.253571,0.797721,1.76
zip,500000,18,4,0.655568,1.525395,1.68
zip,500000,18,5,0.672044,1.487998,1.67
zip,500000,18,6,0.782628,1.277746,1.68
zip,500000,18,7,0.782724,1.277589,1.70
zip,500000,18,8,0.929216,1.076176,1.72
zip,500000,18,9,0.929774,1.075530,1.69
zip,1000000,0,0,0.816650,1.224515,2.38
zip,1000000,0,1,1.166225,0.857468,2.59
zip,1000000,0,2,1.064104,0.939758,2.61
zip,1000000,0,3,1.190962,0.839657,2.56
zip,1000000,0,4,0.915788,1.091956,2.53
zip,1000000,0,5,0.977558,1.022957,2.45
zip,1000000,0,6,1.193055,0.838185,2.55
zip,1000000,0,7,1.162401,0.860289,2.64
zip,1000000,0,8,1.024666,0.975928,2.65
zip,1000000,0,9,1.148784,0.870486,2.63
zip,1000000,1,0,1.241181,0.805684,2.59
zip,1000000,1,1,0.932304,1.072612,2.50
zip,1000000,1,2,1.001832,0.998171,2.59
zip,1000000,1,3,1.156851,0.864415,2.57
zip,1000000,1,4,0.829565,1.205451,2.57
zip,1000000,1,5,0.941777,1.061822,2.56
zip,1000000,1,6,1.026531,0.974155,2.61
zip,1000000,1,7,1.201248,0.832468,2.55
zip,1000000,1,8,0.964603,1.036696,2.56
zip,1000000,1,9,0.954007,1.048210,2.59
zip,1000000,2,0,0.518835,1.927395,2.40
zip,1000000,2,1,0.616445,1.622206,2.42
zip,1000000,2,2,0.502148,1.991447,2.39
zip,1000000,2,3,0.542250,1.844167,2.39
zip,1000000,2,4,0.575041,1.739006,2.39
zip,1000000,2,5,0.653935,1.529203,2.35
zip,1000000,2,6,0.563838,1.773559,2.43
zip,1000000,2,7,0.583033,1.715168,2.45
zip,1000000,2,8,0.548959,1.821628,2.49
zip,1000000,2,9,0.536109,1.865293,2.47
zip,1000000,3,0,0.344435,2.903308,2.30
zip,1000000,3,1,0.345024,2.898346,2.33
zip,1000000,3,2,0.344979,2.898727,2.38
zip,1000000,3,3,0.344556,2.902283,2.33
zip,1000000,3,4,0.344543,2.902395,2.33
zip,1000000,3,5,0.344295,2.904489,2.37
zip,1000000,3,6,0.345439,2.894867,2.31
zip,1000000,3,7,0.345154,2.897260,2.40
zip,1000000,3,8,0.344617,2.901775,2.34
zip,1000000,3,9,0.345591,2.893591,2.38
zip,1000000,4,0,0.783437,1.276427,2.28
zip,1000000,5,0,0.352898,2.833683,2.36
zip,1000000,5,1,0.350108,2.856259,2.28
zip,1000000,5,2,0.349329,2.862631,2.32
zip,1000000,5,3,0.356198,2.807430,2.35
zip,1000000,5,4,0.349014,2.865212,2.33
zip,1000000,5,5,0.346884,2.882808,2.33
zip,1000000,5,6,0.363697,2.749545,2.40
zip,1000000,6,0,0.390860,2.558458,2.35
zip,1000000,6,1,0.387078,2.583460,2.43
zip,1000000,6,2,0.415874,2.404574,2.39
zip,1000000,6,3,0.405945,2.463390,2.37
zip,1000000,6,4,0.380005,2.631547,2.42
zip,1000000,6,5,0.389656,2.566367,2.43
zip,1000000,6,6,0.437038,2.288130,2.43
zip,1000000,6,7,0.410298,2.437250,2.44
zip,1000000,6,8,0.406139,2.462211,2.38
zip,1000000,6,9,0.393965,2.538299,2.34
zip,1000000,7,0,0.896906,1.114944,2.54
zip,1000000,7,1,0.718720,1.391362,2.51
zip,1000000,7,2,0.885132,1.129775,2.60
zip,1000000,7,3,1.068068,0.936270,2.57
zip,1000000,7,4,0.955564,1.046502,2.52
zip,1000000,7,5,0.733480,1.363363,2.47
zip,1000000,7,6,0.604375,1.654601,2.46
zip,1000000,7,7,0.759233,1.317118,2.54
zip,1000000,7,8,0.807179,1.238883,2.50
zip,1000000,7,9,0.867155,1.153197,2.48
zip,1000000,8,0,1.165938,0.857679,2.61
zip,1000000,8,1,1.171240,0.853796,2.55
zip,1000000,8,2,1.215916,0.822426,2.58
zip,1000000,8,3,1.219432,0.820054,2.58
zip,1000000,8,4,1.228867,0.813758,2.65
zip,1000000,8,5,1.228871,0.813755,2.65
zip,1000000,8,6,1.228995,0.813673,2.64
zip,1000000,8,7,1.229023,0.813655,2.54
zip,1000000,8,8,1.209776,0.826599,2.61
zip,1000000,8,9,1.228993,0.813674,2.61
zip,1000000,9,0,1.040164,0.961387,2.60
zip,1000000,9,1,0.810079,1.234448,2.48
zip,1000000,9,2,0.708657,1.411120,2.50
zip,1000000,9,3,0.683170,1.463764,2.42
zip,1000000,9,4,0.553678,1.806104,2.35
zip,1000000,9,5,0.792487,1.261851,2.52
zip,1000000,9,6,0.767985,1.302108,2.54
zip,1000000,9,7,0.866348,1.154271,2.51
zip,1000000,9,8,0.815361,1.226451,2.49
zip,1000000,9,9,0.651438,1.535066,2.42
zip,1000000,10,0,0.634161,1.576887,2.51
zip,1000000,10,1,1.105695,0.904409,2.60
zip,1000000,10,2,0.894500,1.117943,2.54
zip,1000000,10,3,1.080771,0.925265,2.57
zip,1000000,10,4,0.908723,1.100445,2.53
zip,1000000,10,5,0.839150,1.191683,2.46
zip,1000000,10,6,0.810714,1.233481,2.49
zip,1000000,10,7,0.739279,1.352668,2.41
zip,1000000,10,8,0.642204,1.557138,2.61
zip,1000000,10,9,0.825179,1.211858,2.53
zip,2000000,0,0,0.538515,1.856959,3.65
zip,2000000,0,1,0.663727,1.506644,4.04
zip,2000000,0,2,0.600712,1.664692,3.72
zip,2000000,0,3,0.695924,1.436938,3.80
zip,2000000,0,4,0.619208,1.614967,3.74
zip,2000000,0,5,0.662403,1.509655,3.80
zip,2000000,0,6,0.711514,1.405453,3.80
zip,2000000,0,7,0.664494,1.504906,3.86
zip,2000000,0,8,0.722666,1.383766,3.89
zip,2000000,0,9,0.655229,1.526184,3.80
zip,2000000,1,0,0.654540,1.527791,3.92
zip,2000000,1,1,0.623851,1.602947,3.83
zip,2000000,1,2,0.608368,1.643741,3.87
zip,2000000,1,3,0.735012,1.360522,3.93
zip,2000000,1,4,0.728567,1.372558,3.90
zip,2000000,1,5,0.620288,1.612155,3.76
zip,2000000,1,6,0.700056,1.428457,3.82
zip,2000000,1,7,0.652125,1.533447,3.82
zip,2000000,1,8,0.597017,1.674995,3.87
zip,2000000,1,9,0.607317,1.646585,3.76
zip,2000000,2,0,0.361681,2.764864,3.63
zip,2000000,2,1,0.361357,2.767346,3.70
zip,2000000,2,2,0.360924,2.770665,3.71
zip,2000000,2,3,0.359484,2.781766,3.66
zip,2000000,2,4,0.369974,2.702895,3.68
zip,2000000,2,5,0.368931,2.710533,3.73
zip,2000000,2,6,0.368831,2.711267,3.72
zip,2000000,2,7,0.358965,2.785788,3.68
zip,2000000,2,8,0.361183,2.768677,3.75
zip,2000000,2,9,0.374688,2.668891,3.65
zip,2000000,3,0,0.605454,1.651654,3.81
zip,2000000,3,1,0.592892,1.686649,3.82
zip,2000000,3,2,0.560025,1.785634,3.80
zip,2000000,3,3,0.633840,1.577686,3.84
zip,2000000,3,4,0.636226,1.571770,3.86
zip,2000000,3,5,0.593929,1.683703,3.79
zip,2000000,3,6,0.633228,1.579210,3.78
zip,2000000,3,7,0.668103,1.496776,3.82
zip,2000000,3,8,0.688642,1.452133,3.89
zip,2000000,3,9,0.626490,1.596194,3.79
zip,2000000,4,0,0.425692,2.349119,3.73
zip,2000000,4,1,0.424977,2.353070,3.68
zip,2000000,4,2,0.426544,2.344424,3.69
zip,2000000,4,3,0.426785,2.343098,3.74
zip,2000000,4,4,0.411985,2.427272,3.63
zip,2000000,4,5,0.425805,2.348491,3.68
zip,2000000,4,6,0.437391,2.286285,3.68
zip,2000000,4,7,0.445995,2.242175,3.79
zip,2000000,4,8,0.429270,2.329539,3.60
zip,2000000,4,9,0.450306,2.220710,3.70
zip,2000000,5,0,0.689746,1.449809,3.82
zip,2000000,5,1,0.825470,1.211430,3.91
zip,2000000,5,2,0.669455,1.493752,3.82
zip,2000000,5,3,0.801710,1.247334,3.94
zip,2000000,5,4,0.737614,1.355722,3.91
zip,2000000,5,5,0.772051,1.295251,3.88
zip,2000000,5,6,0.719715,1.389438,3.85
zip,2000000,5,7,0.659686,1.515872,3.79
zip,2000000,5,8,0.703247,1.421975,3.94
zip,2000000,5,9,0.769064,1.300282,3.87
zip,2000000,6,0,0.742060,1.347599,3.82
zip,2000000,6,1,0.798097,1.252981,3.93
zip,2000000,6,2,0.711442,1.405596,3.85
zip,2000000,6,3,0.749143,1.334858,3.88
zip,2000000,6,4,0.785177,1.273598,3.96
zip,2000000,6,5,0.735792,1.359079,3.92
zip,2000000,6,6,0.792651,1.261590,3.92
zip,2000000,6,7,0.781946,1.278861,3.91
zip,2000000,6,8,0.818252,1.222117,3.88
zip,2000000,6,9,0.726072,1.377274,4.04
zip,2000000,7,0,0.789230,1.267058,3.91
zip,2000000,7,1,0.820309,1.219053,3.91
zip,2000000,7,2,0.778648,1.284278,3.97
zip,2000000,7,3,0.818305,1.222038,3.95
zip,2000000,7,4,0.822788,1.215380,3.92
zip,2000000,7,5,0.802638,1.245891,3.93
zip,2000000,7,6,0.750606,1.332256,4.14
zip,2000000,7,7,0.785774,1.272630,4.79
zip,2000000,7,8,0.796696,1.255184,6.99
zip,2000000,7,9,0.820589,1.218638,7.28
zip,2000000,8,0,0.824732,1.212515,6.37
zip,2000000,8,1,0.729510,1.370782,5.82
zip,2000000,8,2,0.692704,1.443619,6.70
zip,2000000,8,3,0.762967,1.310672,5.71
zip,2000000,8,4,0.768125,1.301871,6.00
zip,2000000,8,5,0.800722,1.248872,7.03
zip,2000000,8,6,0.764706,1.307691,6.25
zip,2000000,8,7,0.682585,1.465018,7.27
zip,2000000,8,8,0.704948,1.418544,6.02
zip,2000000,8,9,0.769265,1.299942,6.92
zip,2000000,9,0,0.347637,2.876568,4.25
zip,2000000,9,1,0.349563,2.860713,5.91
zip,2000000,9,2,0.346042,2.889820,5.11
zip,2000000,9,3,0.345456,2.894726,5.77
zip,2000000,9,4,0.354161,2.823572,4.97
zip,2000000,10,0,0.560574,1.783884,4.76
zip,2000000,10,1,0.557572,1.793490,4.66
zip,2000000,10,2,0.519362,1.925440,6.57
zip,2000000,10,3,0.554975,1.801884,6.58
zip,2000000,10,4,0.515833,1.938613,5.43
zip,2000000,10,5,0.504295,1.982967,4.30
zip,2000000,10,6,0.526065,1.900905,6.24
zip,2000000,10,7,0.534063,1.872437,6.19
zip,2000000,10,8,0.591579,1.690392,6.49
zip,2000000,10,9,0.578375,1.728983,4.85
zip,2000000,11,0,0.573183,1.744643,4.54
zip,2000000,12,0,0.344339,2.904113,4.83
zip,2000000,12,1,0.344577,2.902105,6.87
zip,2000000,12,2,0.344550,2.902340,5.10
zip,2000000,12,3,0.344870,2.899642,4.55
zip,2000000,12,4,0.344328,2.904211,4.06
zip,2000000,12,5,0.344269,2.904708,3.85
zip,2000000,12,6,0.344608,2.901846,3.81
zip,2000000,12,7,0.344647,2.901517,3.91
zip,2000000,12,8,0.344219,2.905130,3.84
zip,2000000,12,9,0.343745,2.909133,3.74
zip,2000000,13,0,0.672295,1.487441,3.79
zip,2000000,13,1,0.724714,1.379855,3.76
zip,2000000,13,2,0.755092,1.324341,3.81
zip,2000000,13,3,0.817983,1.222519,3.87
zip,2000000,13,4,0.703602,1.421258,3.75
zip,2000000,13,5,0.815740,1.225881,3.76
zip,2000000,13,6,0.651541,1.534824,3.71
zip,2000000,13,7,0.764364,1.308277,3.82
zip,2000000,13,8,0.788671,1.267956,3.75
zip,2000000,13,9,0.655573,1.525384,3.66
zip,4000000,0,0,0.463258,2.158624,6.27
zip,4000000,1,0,0.343837,2.908358,6.18
zip,4000000,1,1,0.344333,2.904167,6.12
zip,4000000,1,2,0.343499,2.911220,6.12
zip,4000000,1,3,0.344363,2.903909,6.13
zip,4000000,1,4,0.344521,2.902578,6.22
zip,4000000,1,5,0.344976,2.898749,6.27
zip,4000000,1,6,0.342949,2.915883,6.24
zip,4000000,1,7,0.345142,2.897360,6.27
zip,4000000,1,8,0.343489,2.911300,6.13
zip,4000000,1,9,0.345385,2.895322,6.26
zip,4000000,2,0,0.454101,2.202155,6.34
zip,4000000,2,1,0.451896,2.212900,6.35
zip,4000000,2,2,0.442426,2.260267,6.32
zip,4000000,2,3,0.439646,2.274559,6.31
zip,4000000,2,4,0.450039,2.222032,6.21
zip,4000000,2,5,0.456581,2.190193,6.69
zip,4000000,2,6,0.459242,2.177502,6.36
zip,4000000,2,7,0.443025,2.257209,6.43
zip,4000000,2,8,0.448034,2.231975,6.47
zip,4000000,2,9,0.446079,2.241754,6.63
zip,4000000,3,0,0.397859,2.513456,6.35
zip,4000000,3,1,0.404349,2.473113,6.27
zip,4000000,3,2,0.398628,2.508606,6.32
zip,4000000,3,3,0.392093,2.550416,6.30
zip,4000000,3,4,0.401452,2.490958,6.24
zip,4000000,3,5,0.398197,2.511323,6.32
zip,4000000,3,6,0.395091,2.531064,6.27
zip,4000000,3,7,0.394414,2.535410,6.27
zip,4000000,3,8,0.400976,2.493915,6.21
zip,4000000,3,9,0.398088,2.512007,6.23
zip,4000000,4,0,0.343409,2.911983,6.21
zip,4000000,4,1,0.345300,2.896031,6.12
zip,4000000,4,2,0.342085,2.923249,6.04
zip,4000000,4,3,0.342126,2.922901,6.17
zip,4000000,4,4,0.348026,2.873350,6.21
zip,4000000,5,0,0.521993,1.915735,6.39
zip,4000000,5,1,0.505156,1.979588,6.44
zip,4000000,5,2,0.534354,1.871417,6.48
zip,4000000,5,3,0.542932,1.841853,6.36
zip,4000000,5,4,0.550937,1.815089,6.46
zip,4000000,5,5,0.531350,1.881998,6.45
zip,4000000,5,6,0.545655,1.832658,6.50
zip,4000000,5,7,0.553582,1.806417,6.33
zip,4000000,5,8,0.536295,1.864644,6.39
zip,4000000,5,9,0.582586,1.716484,6.59
zip,4000000,6,0,0.364852,2.740839,6.22
zip,4000000,6,1,0.365441,2.736418,6.30
zip,4000000,6,2,0.361088,2.769405,6.24
zip,4000000,6,3,0.361675,2.764912,6.26
zip,4000000,6,4,0.359929,2.778329,6.35
zip,4000000,6,5,0.365382,2.736859,6.22
zip,4000000,6,6,0.363509,2.750962,6.30
zip,4000000,6,7,0.358423,2.790001,6.36
zip,4000000,6,8,0.359746,2.779738,6.45
zip,4000000,6,9,0.363993,2.747308,6.26
zip,4000000,7,0,0.581200,1.720578,8.30
zip,4000000,7,1,0.567129,1.763266,11.52
zip,4000000,7,2,0.570765,1.752035,9.75
zip,4000000,7,3,0.578296,1.729220,11.69
zip,4000000,7,4,0.549433,1.820057,10.35
zip,4000000,7,5,0.583067,1.715067,9.16
zip,4000000,7,6,0.559895,1.786051,10.41
zip,4000000,7,7,0.560793,1.783188,11.88
zip,4000000,7,8,0.564210,1.772391,9.90
zip,4000000,7,9,0.584247,1.711605,9.00
zip,8000000,0,0,0.422683,2.365838,11.57
zip,8000000,0,1,0.421137,2.374525,11.49
zip,8000000,0,2,0.425785,2.348602,12.10
zip,8000000,0,3,0.420541,2.377889,11.65
zip,8000000,0,4,0.418845,2.387518,11.53
zip,8000000,0,5,0.420742,2.376756,11.47
zip,8000000,0,6,0.423822,2.359481,11.56
zip,8000000,0,7,0.422549,2.366592,11.46
zip,8000000,0,8,0.419164,2.385702,11.45
zip,8000000,0,9,0.424200,2.357379,11.58
zip,8000000,1,0,0.367894,2.718177,11.49
zip,8000000,1,1,0.365878,2.733148,11.34
zip,8000000,1,2,0.369026,2.709834,11.45
zip,8000000,1,3,0.367316,2.722448,11.43
zip,8000000,1,4,0.368900,2.710759,11.38
zip,8000000,1,5,0.366363,2.729530,11.52
zip,8000000,1,6,0.367068,2.724287,11.38
zip,8000000,1,7,0.367818,2.718735,11.82
zip,8000000,1,8,0.365280,2.737629,11.49
zip,8000000,1,9,0.370844,2.696548,11.50
zip,8000000,2,0,0.355313,2.814420,11.91
zip,8000000,2,1,0.355212,2.815220,17.27
zip,8000000,2,2,0.353466,2.829128,18.44
zip,8000000,2,3,0.355260,2.814839,18.76
zip,8000000,2,4,0.352633,2.835807,19.13
zip,8000000,2,5,0.354577,2.820266,20.89
zip,8000000,2,6,0.356020,2.808831,19.28
zip,8000000,2,7,0.355824,2.810380,16.42
zip,8000000,2,8,0.356425,2.805642,17.76
zip,8000000,2,9,0.356025,2.808789,17.31
zip,8000000,3,0,0.405207,2.467875,19.07
zip,8000000,4,0,0.390740,2.559249,20.03
zip,8000000,4,1,0.385834,2.591791,19.27
zip,8000000,4,2,0.390717,2.559396,17.45
zip,8000000,4,3,0.389140,2.569770,14.86
zip,8000000,4,4,0.391500,2.554276,13.86
zip,8000000,4,5,0.388293,2.575374,12.23
zip,8000000,4,6,0.390182,2.562905,12.51
zip,8000000,4,7,0.388119,2.576529,11.67
zip,8000000,4,8,0.387050,2.583647,11.27
zip,8000000,4,9,0.389482,2.567513,11.20
zip,8000000,5,0,0.451322,2.215712,11.23
zip,8000000,5,1,0.461956,2.164710,11.14
zip,8000000,5,2,0.463194,2.158923,10.75
zip,8000000,5,3,0.456501,2.190578,10.69
zip,8000000,5,4,0.459281,2.177317,10.90
zip,8000000,5,5,0.457678,2.184942,10.65
zip,8000000,5,6,0.452996,2.207524,10.91
zip,8000000,5,7,0.462098,2.164042,10.85
zip,8000000,5,8,0.452906,2.207965,10.68
zip,8000000,5,9,0.447712,2.233580,10.65
zip,8000000,6,0,0.345287,2.896142,10.46
zip,8000000,6,1,0.345113,2.897603,10.58
zip,8000000,6,2,0.345561,2.893847,10.47
zip,8000000,6,3,0.344388,2.903701,10.37
zip,8000000,6,4,0.347951,2.873968,10.49
zip,8000000,6,5,0.349217,2.863547,10.57
zip,8000000,6,6,0.343974,2.907195,10.47
zip,8000000,6,7,0.348661,2.868118,10.52
zip,8000000,6,8,0.348684,2.867927,10.63
zip,8000000,6,9,0.349502,2.861218,10.43
zip,8000000,7,0,0.341717,2.926397,10.41
zip,8000000,7,1,0.344094,2.906181,10.45
zip,8000000,7,2,0.344365,2.903898,10.47
zip,8000000,7,3,0.343909,2.907744,10.48
zip,16000000,0,0,0.398280,2.510799,21.75
zip,16000000,0,1,0.394654,2.533866,21.68
zip,16000000,0,2,0.396065,2.524841,21.82
zip,16000000,0,3,0.399135,2.505421,21.61
zip,16000000,0,4,0.394636,2.533980,21.65
zip,16000000,0,5,0.399428,2.503579,21.85
zip,16000000,0,6,0.394523,2.534704,22.01
zip,16000000,0,7,0.398273,2.510841,21.83
zip,16000000,0,8,0.396399,2.522709,22.38
zip,16000000,0,9,0.398533,2.509206,33.45
zip,16000000,1,0,0.347378,2.878711,34.79
zip,16000000,1,1,0.347045,2.881471,32.22
zip,16000000,1,2,0.347871,2.874630,37.86
zip,16000000,1,3,0.345431,2.894935,33.34
zip,16000000,1,4,0.348358,2.870610,30.75
zip,16000000,1,5,0.348108,2.872674,34.19
zip,16000000,1,6,0.344661,2.901404,31.70
zip,16000000,2,0,0.374402,2.670925,31.10
zip,16000000,3,0,0.354497,2.820896,25.56
zip,16000000,3,1,0.355251,2.814915,22.96
zip,16000000,3,2,0.354507,2.820815,21.40
zip,16000000,3,3,0.353619,2.827902,21.10
zip,16000000,3,4,0.353059,2.832390,20.61
zip,16000000,3,5,0.353831,2.826207,20.47
zip,16000000,3,6,0.353619,2.827902,20.00
zip,16000000,3,7,0.354212,2.823169,20.15
zip,16000000,3,8,0.354085,2.824178,20.23
zip,16000000,3,9,0.355479,2.813105,20.12
zip,16000000,4,0,0.360755,2.771963,19.98
zip,16000000,4,1,0.360999,2.770090,20.27
zip,16000000,4,2,0.361104,2.769283,19.94
zip,16000000,4,3,0.359989,2.777862,20.07
zip,16000000,4,4,0.361060,2.769620,20.15
zip,16000000,4,5,0.360563,2.773437,20.00
zip,16000000,4,6,0.361068,2.769558,19.93
zip,16000000,4,7,0.361070,2.769550,19.63
zip,16000000,4,8,0.361236,2.768274,19.55
zip,16000000,4,9,0.360363,2.774980,19.73
zip,16000000,5,0,0.350379,2.854051,19.57
zip,16000000,5,1,0.350088,2.856423,19.65
zip,16000000,5,2,0.350718,2.851297,19.75
zip,16000000,5,3,0.349262,2.863184,19.57
zip,16000000,5,4,0.349606,2.860364,19.51
zip,16000000,5,5,0.350790,2.850705,19.78
zip,16000000,5,6,0.348848,2.866582,19.66
zip,16000000,5,7,0.350413,2.853775,19.46
zip,16000000,5,8,0.351270,2.846812,19.58
zip,16000000,5,9,0.348750,2.867386,20.25
zip,16000000,6,0,0.381037,2.624417,19.69
zip,16000000,6,1,0.383427,2.608060,19.48
zip,16000000,6,2,0.381610,2.620476,19.63
zip,16000000,6,3,0.383437,2.607989,19.66
zip,16000000,6,4,0.382749,2.612680,20.06
zip,16000000,6,5,0.380570,2.627634,19.57
zip,16000000,6,6,0.381308,2.622552,19.91
zip,16000000,6,7,0.382563,2.613951,19.59
zip,16000000,6,8,0.380706,2.626696,19.60
zip,16000000,6,9,0.382698,2.613026,19.61
zip,16000000,7,0,0.343852,2.908230,19.46
zip,16000000,7,1,0.343354,2.912446,19.42
zip,16000000,7,2,0.342746,2.917609,19.30
zip,16000000,8,0,0.368740,2.711939,19.48
zip,16000000,8,1,0.369981,2.702843,19.61
zip,16000000,8,2,0.369835,2.703909,19.41
zip,16000000,8,3,0.369598,2.705646,19.68
zip,16000000,8,4,0.370288,2.700601,19.54
zip,16000000,8,5,0.368250,2.715548,19.60
zip,16000000,8,6,0.370514,2.698955,19.81
zip,16000000,8,7,0.371052,2.695037,19.85
zip,16000000,8,8,0.368497,2.713729,19.86
zip,16000000,8,9,0.369517,2.706235,19.48
