rob_size,lq_size,sq_size,p_width,interval,performance,energy,Timestamp
512,64,64,5,16000000,0.45182298127473997,5.254854985934053,548932
256,256,4,9,16000000,0.37334192563158003,4.931162033378283,548932
16,64,4,12,16000000,1.18668297589666,14.345534146070168,548932
64,16,128,7,16000000,0.69809946587532,7.956485946668563,548932
16,16,64,10,16000000,1.1846335955087,13.775503037045967,548932
128,16,128,5,16000000,0.45523468402398,5.207302850942713,548932
32,256,64,7,16000000,0.87739485059554,9.8194861625106,548932
128,16,64,11,16000000,0.40236821113143995,5.398379663838185,548932
256,4,64,4,16000000,0.7710263995486399,8.216216328757064,548932
32,128,4,10,16000000,0.8715101750742,10.345769955145391,548932
512,16,256,7,16000000,0.37180671740886,4.732167160508103,1117895
64,4,16,9,16000000,0.7117119374825,8.420124513026002,1117895
16,16,64,8,16000000,1.19267672149618,13.332775154746871,1117895
64,16,128,9,16000000,0.68372540338446,8.153129138571748,1117895
16,128,64,10,16000000,1.1846335955087,13.799724513207135,1117895
128,16,64,7,16000000,0.42406659386615997,5.120744970440067,1117895
512,16,4,7,16000000,0.37264497142492004,4.713138031098175,1117895
64,16,256,11,16000000,0.6700308653940399,8.37915703687916,1117895
128,256,64,9,16000000,0.40797561790298,5.215659418079873,1117895
512,128,256,4,16000000,0.55904189134796,6.221417635132459,1117895
64,64,128,9,16000000,0.683726126396,8.160237983181414,1683465
128,256,16,11,16000000,0.40263400935099997,5.416276005499978,1683465
256,256,64,4,16000000,0.55905346378806,6.169246525862047,1683465
32,256,256,9,16000000,0.8684132692584999,10.16697193947478,1683465
64,16,64,12,16000000,0.6705233947321,8.53897404598229,1683465
16,256,16,4,16000000,1.2280259478524598,12.718355628528698,1683465
32,64,128,12,16000000,0.8513061304020999,10.563791981721703,1683465
256,64,4,12,16000000,0.39188760102886,5.5011945999335445,1683465
512,256,16,10,16000000,0.3794529790382,5.203563380312953,1683465
64,128,4,4,16000000,0.7433332498642,7.910926497185387,1683465
32,4,256,4,16000000,0.91001699915504,9.56023535267083,2247925
64,256,256,7,16000000,0.69809946587532,8.007985489168084,2247925
32,128,128,11,16000000,0.8640217848226799,10.50084205163796,2247925
512,16,128,7,16000000,0.37180671740886,4.718463525439294,2247925
32,64,256,5,16000000,0.8971052321529599,9.633890815348737,2247925
64,16,256,12,16000000,0.6705233947321,8.568156482716995,2247925
64,16,4,7,16000000,0.6988800721616799,7.9445802000707335,2247925
128,64,16,4,16000000,0.56140990800068,6.130282245378533,2247925
64,4,4,6,16000000,0.72669506085696,8.0430686969267,2247925
256,64,16,9,16000000,0.38739317287782,5.046710313755403,2247925
32,256,4,8,16000000,0.86776618028744,9.908043737451006,2794129
512,64,256,11,16000000,0.39242389606343997,5.4890463766220945,2794129
64,4,64,8,16000000,0.6985020083526999,8.103986025368274,2794129
64,4,128,10,16000000,0.70170065082696,8.50976223959079,2794129
32,4,4,8,16000000,0.8715917297649001,9.909343510070824,2794129
128,16,256,11,16000000,0.40236821113143995,5.420098605353272,2794129
128,64,4,11,16000000,0.40315016978861995,5.404959310570817,2794129
64,256,128,4,16000000,0.7425468651541199,7.940888667060021,2794129
32,16,256,11,16000000,0.8640217848226799,10.504912249926745,2794129
64,256,16,10,16000000,0.67076455800996,8.200570936417211,2794129
64,16,256,8,16000000,0.68378184939894,7.997481517837607,3366446
128,256,128,5,16000000,0.45632076206253996,5.24045153626924,3366446
64,128,64,4,16000000,0.7425468651541199,7.913211719568752,3366446
512,256,256,10,16000000,0.38896815321873995,5.323330291104852,3366446
16,16,128,4,16000000,1.22793857854292,12.694918400882871,3366446
256,16,64,6,16000000,0.42504987163054,5.055483701614058,3366446
256,256,256,5,16000000,0.45183195427956,5.249914964769271,3366446
128,64,128,6,16000000,0.4437446969322,5.210807850406192,3366446
64,16,16,7,16000000,0.69831829677202,7.939582980844721,3366446
16,64,16,6,16000000,1.2094700282399198,12.99237406088855,3366446
32,64,64,8,16000000,0.8694649765731199,9.908295453334425,3938836
256,256,128,6,16000000,0.42499859465586,5.0850729052110974,3938836
128,128,256,5,16000000,0.45632076206253996,5.243916685846803,3938836
128,16,16,9,16000000,0.40828449564524,5.190875710068576,3938836
16,256,64,10,16000000,1.1846335955087,13.824757802630003,3938836
64,128,128,8,16000000,0.68378132951284,7.993514569647357,3938836
64,16,256,7,16000000,0.69809946587532,7.976128989214789,3938836
16,128,4,11,16000000,1.18556637625388,14.068370836876019,3938836
64,16,4,5,16000000,0.7195158584773,7.8202674799981695,3938836
32,16,4,6,16000000,0.87960992650758,9.594656348099862,3938836
64,64,16,10,16000000,0.67076455800996,8.176698068123368,4507520
16,64,4,6,16000000,1.2099246942716797,12.995215051019327,4507520
32,64,4,11,16000000,0.8646089139097201,10.473777948613419,4507520
64,4,4,10,16000000,0.7023817699388799,8.497363179616293,4507520
32,4,128,4,16000000,0.91001699915504,9.53673593507015,4507520
32,128,4,11,16000000,0.8646089139097201,10.483812505445886,4507520
256,64,256,9,16000000,0.38026278956793996,5.007211701513673,4507520
256,128,16,10,16000000,0.3794532460832,5.106799182064643,4507520
16,64,64,4,16000000,1.22793857854292,12.691046780258928,4507520
16,4,256,9,16000000,1.1929906225370999,13.641716130690577,4507520
32,64,4,9,16000000,0.8689792435044801,10.097893430068094,5076303
128,16,4,8,16000000,0.40000827724433996,5.00646274706225,5076303
128,128,4,4,16000000,0.5620033723107399,6.142403368777791,5076303
32,4,16,9,16000000,0.86869427912238,10.085849483273027,5076303
16,128,16,7,16000000,1.1651201747342002,12.795357935396407,5076303
64,128,4,5,16000000,0.7195158584773,7.836322407326867,5076303
256,64,64,11,16000000,0.39140401550256,5.361846401917576,5076303
256,256,16,10,16000000,0.3794532460832,5.117156903243472,5076303
64,4,16,12,16000000,0.6985587469897799,8.830348933668715,5076303
32,256,64,10,16000000,0.87432837995658,10.40828774616502,5076303
16,128,4,9,16000000,1.19344151870942,13.614265618727991,5651639
16,16,128,7,16000000,1.16505203129156,12.797874039749328,5651639
128,64,256,12,16000000,0.40369377283846,5.571425985284568,5651639
128,256,128,10,16000000,0.40411906187966,5.31540994082782,5651639
32,16,128,8,16000000,0.8694649765731199,9.911673476530122,5651639
16,128,256,5,16000000,1.22404155634666,12.95977200570747,5651639
64,256,4,10,16000000,0.67132240582834,8.20529764451945,5651639
128,256,4,11,16000000,0.40315016978861995,5.421415720571877,5651639
32,16,4,5,16000000,0.89770593795386,9.583961057179573,5651639
256,256,128,8,16000000,0.37965020953497997,4.888550016801064,5651639
256,128,128,11,16000000,0.38208852674908,5.285089979078451,6206496
256,128,128,9,16000000,0.38026278956793996,4.998804252278443,6206496
32,4,16,10,16000000,0.87304979204682,10.344173103635846,6206496
64,128,256,4,16000000,0.7425468651541199,7.944351183829496,6206496
128,64,4,8,16000000,0.40000822752844,5.0112682392876735,6206496
64,4,64,6,16000000,0.72605316048868,8.046748040128143,6206496
16,64,128,10,16000000,1.1846335955087,13.801538990674427,6206496
32,256,256,11,16000000,0.8640217848226799,10.542656237512716,6206496
512,4,16,8,16000000,0.6985918321957599,8.27362052369849,6206496
128,256,128,11,16000000,0.40233856199018,5.427147466500522,6206496
32,64,16,6,16000000,0.8790700758886,9.599262030475693,6771020
16,256,16,11,16000000,1.18513946022,14.090346964948912,6771020
128,16,4,10,16000000,0.40393743706237994,5.275275256509226,6771020
32,128,16,4,16000000,0.8942403868057999,9.376533809998753,6771020
512,256,256,6,16000000,0.42498986596186,5.1535772527600265,6771020
256,128,128,7,16000000,0.37174963789326,4.667260360294328,6771020
64,16,16,12,16000000,0.67075414749628,8.532848127624511,6771020
32,256,128,11,16000000,0.8640217848226799,10.519995946296191,6771020
16,4,16,10,16000000,1.1847765599584599,13.763024301947098,6771020
64,16,256,6,16000000,0.7113571123021198,7.94446933064182,6771020
256,256,128,4,16000000,0.55905346378806,6.178222511042026,7347542
32,16,256,5,16000000,0.8971052321529599,9.625108187457567,7347542
32,64,16,10,16000000,0.8744177222584999,10.369166733492406,7347542
64,16,16,8,16000000,0.6839860695056799,7.961467002729235,7347542
16,64,128,9,16000000,1.1929399165774799,13.625276559239396,7347542
16,16,64,5,16000000,1.22404155634666,12.890379336754588,7347542
512,64,256,6,16000000,0.42498986596186,5.136491842581595,7347542
128,64,256,8,16000000,0.39918130592858,5.032272993506034,7347542
64,128,128,9,16000000,0.683726126396,8.168553569700999,7347542
16,64,128,11,16000000,1.1850744630801997,14.079094987830718,7347542
512,16,256,5,16000000,0.45187018580055993,5.272932269188711,7927178
16,16,16,6,16000000,1.2094700282399198,12.981026602200611,7927178
128,16,16,6,16000000,0.4440301428684,5.1940008946638905,7927178
16,128,16,11,16000000,1.18513946022,14.065302206347145,7927178
64,4,4,4,16000000,0.7661321709808,8.102511331412412,7927178
64,64,256,10,16000000,0.6705329416059601,8.212096404177851,7927178
16,4,4,4,16000000,1.2256369628681598,12.6406483928478,7927178
128,4,4,7,16000000,0.7266591745037799,8.244018010602074,7927178
128,4,64,6,16000000,0.7260534559424201,8.071562646299046,7927178
32,128,16,11,16000000,0.86411191122068,10.480140679860991,7927178
128,128,4,8,16000000,0.40000822752844,5.016907657187699,8493805
64,64,4,12,16000000,0.6713167992937,8.544751454657774,8493805
128,64,128,11,16000000,0.40233856199018,5.410690178666653,8493805
16,256,16,8,16000000,1.1927534331115999,13.369966351836648,8493805
16,16,128,6,16000000,1.20940592172012,13.008515333736772,8493805
32,16,4,10,16000000,0.8715101750742,10.327046046788185,8493805
16,256,256,11,16000000,1.1850744630801997,14.145725521159317,8493805
16,16,16,10,16000000,1.1846947588504,13.763912361888492,8493805
256,64,128,5,16000000,0.45183195427956,5.216947883277048,8493805
32,128,64,12,16000000,0.8513061304020999,10.561975609221482,8493805
64,4,4,7,16000000,0.72667185489794,8.216110341409427,9044069
16,64,16,4,16000000,1.2280259478524598,12.679043321872014,9044069
128,4,256,10,16000000,0.6984562853483399,8.53221122070666,9044069
256,64,64,8,16000000,0.37967718536788,4.86576161302761,9044069
256,16,64,4,16000000,0.5590848245707,6.1426748658167885,9044069
128,128,4,5,16000000,0.45600443376724,5.210446633151559,9044069
128,128,64,8,16000000,0.39918132581497995,5.016253526389037,9044069
32,256,4,7,16000000,0.8843393449907,9.881532478680432,9044069
32,64,4,4,16000000,0.9082562096395399,9.50486862603037,9044069
64,128,128,12,16000000,0.67052276121,8.564214013034915,9044069
256,128,256,8,16000000,0.37965020953497997,4.892016469373788,9591684
256,256,256,8,16000000,0.37965020953497997,4.902396852925186,9591684
64,16,128,12,16000000,0.6705233947321,8.549016513664286,9591684
32,128,64,9,16000000,0.8684132692584999,10.113064980830808,9591684
32,128,128,10,16000000,0.87432837995658,10.400890495898269,9591684
128,4,64,4,16000000,0.7710263995486399,8.18092732520473,9591684
512,16,256,9,16000000,0.37248576538128003,5.0074709693526485,9591684
256,16,16,9,16000000,0.37279197409473996,4.906230721543466,9591684
128,16,64,9,16000000,0.40802435794282,5.194859009674957,9591684
128,64,256,11,16000000,0.40233856199018,5.424951211621314,9591684
128,16,16,12,16000000,0.40401007102878,5.541714884054157,10170129
128,256,4,8,16000000,0.40000822752844,5.027656003368664,10170129
16,128,16,9,16000000,1.1929939634453999,13.611116295269913,10170129
64,16,4,8,16000000,0.68454942159176,7.96656786737727,10170129
64,256,64,5,16000000,0.7187356328870399,7.85499988674662,10170129
64,64,4,6,16000000,0.7121439955728799,7.919345926724562,10170129
64,128,256,8,16000000,0.68378132951284,8.012894632981679,10170129
32,256,128,7,16000000,0.87739485059554,9.83145757792332,10170129
32,4,128,7,16000000,0.87552065398724,9.77251190895729,10170129
64,4,128,12,16000000,0.6984483421690599,8.847669376261267,10170129
16,4,256,11,16000000,1.18512072301104,14.09551181861749,10746988
64,16,256,10,16000000,0.6705312384817199,8.20512751655841,10746988
16,128,64,7,16000000,1.16505203129156,12.807044073078067,10746988
64,4,64,10,16000000,0.70170065082696,8.499459356719054,10746988
256,4,128,12,16000000,0.69838696436296,8.975720089002431,10746988
32,64,256,4,16000000,0.8941579592800599,9.411046191831758,10746988
16,256,16,12,16000000,1.1869252436745399,14.388196705855485,10746988
32,128,16,6,16000000,0.8790700758886,9.609434020796158,10746988
256,256,64,5,16000000,0.45183195427956,5.226824798711568,10746988
512,256,256,7,16000000,0.37174096033614,4.751609640092241,10746988
128,16,256,12,16000000,0.40371290493535994,5.566790626413002,11334599
256,256,64,9,16000000,0.38763982563756,5.070334570885583,11334599
16,64,128,5,16000000,1.22404155634666,12.917107348216593,11334599
32,16,256,7,16000000,0.87739485059554,9.816096814397834,11334599
512,256,64,10,16000000,0.387015872188,5.282680712104115,11334599
256,128,64,5,16000000,0.45183195427956,5.2151307526977915,11334599
32,256,16,7,16000000,0.87749958353546,9.81069261622586,11334599
256,128,64,9,16000000,0.38763982563756,5.05980830347973,11334599
64,256,16,7,16000000,0.69831829677202,7.971447615762411,11334599
16,16,16,11,16000000,1.18513946022,14.041133610307963,11334599
64,64,4,9,16000000,0.68450930797138,8.148800654888408,11908403
256,16,256,8,16000000,0.37968657599308,4.8822569313748705,11908403
16,4,64,8,16000000,1.1921566689435,13.32538494608659,11908403
256,16,128,10,16000000,0.37808242023239996,5.096891739981814,11908403
16,64,128,8,16000000,1.19267672149618,13.358952667364017,11908403
64,128,256,6,16000000,0.7113571222452999,7.960381222875963,11908403
128,256,128,12,16000000,0.40369377283846,5.573635255564955,11908403
16,4,4,6,16000000,1.20998121984882,12.983218146700752,11908403
512,4,16,12,16000000,0.69852175125088,9.08539217245977,11908403
16,16,4,8,16000000,1.18923576888298,13.281439839599546,11908403
16,64,4,5,16000000,1.2245541215298,12.891886789301253,12479684
128,64,128,8,16000000,0.39918130592858,5.018070551440967,12479684
64,256,128,7,16000000,0.69809946587532,7.98834327577627,12479684
512,128,64,11,16000000,0.39144111202774,5.463455291796298,12479684
16,64,16,5,16000000,1.2240963134384801,12.889017988581735,12479684
128,4,16,10,16000000,0.6985668378964,8.495242062818194,12479684
64,128,4,7,16000000,0.6988800721616799,7.96027385896347,12479684
32,64,16,7,16000000,0.87749958353546,9.781092200465926,12479684
256,4,256,7,16000000,0.72602634373148,8.332196325030463,12479684
32,16,64,10,16000000,0.87432837995658,10.370173890508495,12479684
32,64,64,11,16000000,0.8640217848226799,10.478924039366042,13038691
16,16,16,4,16000000,1.2280259478524598,12.66761226589022,13038691
128,128,16,12,16000000,0.40400328978208,5.5522415019813876,13038691
128,4,64,5,16000000,0.73927584528574,8.033543258338627,13038691
256,4,128,10,16000000,0.69844144587484,8.584464361018377,13038691
256,128,64,11,16000000,0.39140401550256,5.3674048853330225,13038691
16,256,128,11,16000000,1.1850744630801997,14.11721864692104,13038691
256,4,16,5,16000000,0.73939488927968,8.067630531426394,13038691
512,256,16,9,16000000,0.38739290583282,5.140814071633537,13038691
128,4,128,6,16000000,0.7260534559424201,8.082133067707522,13038691
32,64,256,9,16000000,0.8684132692584999,10.137621517164838,13607949
256,16,4,6,16000000,0.42587629041282,5.057285099363677,13607949
16,256,256,8,16000000,1.19267672149618,13.42593125293805,13607949
512,256,16,11,16000000,0.39154797167134,5.469603868595362,13607949
32,128,64,5,16000000,0.8971052321529599,9.608811237329764,13607949
64,4,16,7,16000000,0.7261185269414,8.211563943783764,13607949
32,256,128,6,16000000,0.8789857534696199,9.650536615266635,13607949
128,64,64,12,16000000,0.40369427994055995,5.549666417689175,13607949
64,4,128,5,16000000,0.73930083676804,8.023315908953151,13607949
128,64,4,7,16000000,0.41189573506468,4.995968250881807,13607949
512,4,64,5,16000000,0.73927584528574,8.128608392840507,14174782
256,64,256,12,16000000,0.38881977828695996,5.497794151370894,14174782
16,4,16,11,16000000,1.18520590194668,14.039868777469048,14174782
256,256,128,10,16000000,0.3809428064092,5.1446312700061725,14174782
512,64,64,4,16000000,0.55904189134796,6.188226188091523,14174782
16,64,256,10,16000000,1.1846335955087,13.830037163989832,14174782
16,16,4,10,16000000,1.18598447646014,13.776435178563554,14174782
32,128,4,4,16000000,0.9082562096395399,9.515320209644635,14174782
512,16,128,5,16000000,0.45187018580055993,5.2577722971207725,14174782
256,256,128,12,16000000,0.38881977828695996,5.499841413431401,14174782
16,4,4,7,16000000,1.17927630298548,12.916749727090934,14750664
32,256,4,4,16000000,0.9082562096395399,9.535321892498422,14750664
64,64,256,11,16000000,0.67003016795064,8.38612711136721,14750664
16,128,128,5,16000000,1.22404155634666,12.930557966145084,14750664
64,256,256,12,16000000,0.67052276121,8.598997890663489,14750664
128,256,16,8,16000000,0.39948299334767995,5.023667019211721,14750664
64,128,64,12,16000000,0.67052276121,8.554171575269459,14750664
128,16,4,5,16000000,0.45600447353999995,5.1990185803831235,14750664
16,16,16,7,16000000,1.1651201747342002,12.771537073903453,14750664
256,64,16,7,16000000,0.37210079261969997,4.652315004785301,14750664
16,128,4,4,16000000,1.22560193163228,12.666882452402376,15314940
128,64,16,11,16000000,0.40263400935099997,5.399831996389185,15314940
256,64,128,9,16000000,0.38026278956793996,4.993352204191201,15314940
256,64,256,4,16000000,0.55905346378806,6.174528008299381,15314940
128,128,64,11,16000000,0.40233943130772,5.4088709699403665,15314940
64,64,128,10,16000000,0.6705329416059601,8.192955281877806,15314940
256,16,16,8,16000000,0.37999453043303993,4.8584051254643805,15314940
64,64,128,6,16000000,0.7113571222452999,7.9318843783253925,15314940
512,256,256,4,16000000,0.55904189134796,6.2350633098930475,15314940
64,4,256,7,16000000,0.7260302485592199,8.250308353677706,15314940
64,4,16,8,16000000,0.69860391741574,8.096021659178046,15884362
128,16,128,10,16000000,0.4039767864010799,5.293169002358247,15884362
32,16,64,12,16000000,0.8513061304020999,10.543607190006005,15884362
16,256,128,7,16000000,1.16505203129156,12.846428676887252,15884362
16,128,128,10,16000000,1.1846335955087,13.814673778173056,15884362
64,128,128,6,16000000,0.7113571222452999,7.940498264098541,15884362
256,64,4,7,16000000,0.37264493449302,4.6572613550261766,15884362
16,256,256,4,16000000,1.22793857854292,12.775007679590981,15884362
64,16,256,4,16000000,0.7425468651541199,7.927892126786149,15884362
64,16,64,8,16000000,0.68378184939894,7.967966126851412,15884362
32,128,256,7,16000000,0.87739485059554,9.834921425237816,16462109
128,4,16,12,16000000,0.69852478392038,8.873923081969572,16462109
512,64,16,12,16000000,0.38862196730982,5.5735053934663386,16462109
16,4,16,12,16000000,1.1872536836535,14.341691289574655,16462109
256,16,16,7,16000000,0.37212695028084,4.647771863074438,16462109
64,64,64,4,16000000,0.7425468651541199,7.9042998859744,16462109
64,128,16,6,16000000,0.7115820056858599,7.923088166922432,16462109
128,16,16,4,16000000,0.56141149748876,6.124185156161367,16462109
16,16,4,11,16000000,1.18556637625388,14.044133157897328,16462109
512,128,16,9,16000000,0.38739290583282,5.1302919145487,16462109
64,16,4,11,16000000,0.6701815360875799,8.341947107495233,17001746
32,16,128,6,16000000,0.8789857534696199,9.612209975425476,17001746
128,4,256,6,16000000,0.7260534559424201,8.102282759687546,17001746
256,128,4,5,16000000,0.45268749093174004,5.215662370983775,17001746
128,64,64,4,16000000,0.5611259791160799,6.135463560242876,17001746
256,16,128,8,16000000,0.37968657599308,4.868409911896452,17001746
256,4,64,11,16000000,0.68409169163048,8.606729786367605,17001746
128,16,64,6,16000000,0.44377279209516,5.198036932771187,17001746
256,16,64,12,16000000,0.37347219477262,5.320183004478036,17001746
128,256,128,6,16000000,0.4437446969322,5.228390359359927,17001746
512,16,128,11,16000000,0.37890028745911997,5.339049213151206,17567613
256,256,4,12,16000000,0.39188760102886,5.51733888333314,17567613
16,64,64,6,16000000,1.20940592172012,13.004671505465259,17567613
128,128,128,8,16000000,0.39918130592858,5.023683479154356,17567613
256,64,64,5,16000000,0.45183195427956,5.208995037211662,17567613
512,128,256,12,16000000,0.39000230470170005,5.62025950906798,17567613
256,128,16,9,16000000,0.38739317287782,5.052210966603213,17567613
16,16,256,10,16000000,1.1846335955087,13.818952732180911,17567613
16,128,128,6,16000000,1.20940592172012,13.03317155271632,17567613
16,128,4,8,16000000,1.18923576888298,13.305740309557581,17567613
32,64,64,12,16000000,0.8513061304020999,10.55202436162739,18130416
256,256,4,8,16000000,0.38053019503636,4.883668218275616,18130416
32,4,128,12,16000000,0.8544304406765401,10.589734394423443,18130416
128,256,4,4,16000000,0.5620033723107399,6.156100988901602,18130416
32,4,4,6,16000000,0.8804465912998,9.602261043890225,18130416
512,4,16,6,16000000,0.7261576277853601,8.175280050769452,18130416
512,128,64,4,16000000,0.55904189134796,6.1953569637509895,18130416
512,4,64,8,16000000,0.6984958407425199,8.281861179283128,18130416
512,4,64,6,16000000,0.7260534559424201,8.182854200481144,18130416
128,256,64,11,16000000,0.40233943130772,5.419665672952567,18130416
32,64,64,7,16000000,0.87739485059554,9.78988867687141,18708070
512,4,4,8,16000000,0.69912669565784,8.27871631465013,18708070
32,64,128,11,16000000,0.8640217848226799,10.490769667257855,18708070
128,16,128,8,16000000,0.39920732154642,5.0132636905919945,18708070
16,128,64,5,16000000,1.22404155634666,12.915291492172999,18708070
256,64,256,7,16000000,0.37174963789326,4.675592369941701,18708070
32,128,16,10,16000000,0.8744177222584999,10.379295576128165,18708070
16,4,16,9,16000000,1.19308298472282,13.586180980718689,18708070
256,16,128,5,16000000,0.45187186761636,5.211885399253073,18708070
512,4,128,4,16000000,0.7710263995486399,8.271581689187476,18708070
256,4,16,12,16000000,0.69852175125088,8.958275963793412,19288694
512,128,64,7,16000000,0.3717589915767,4.720507793178713,19288694
64,256,16,5,16000000,0.7189382492966799,7.848118503959875,19288694
512,4,4,6,16000000,0.72670161625244,8.17923292686665,19288694
512,16,64,10,16000000,0.37808542733022,5.175999383881846,19288694
512,128,128,5,16000000,0.45182109491208,5.268923660041697,19288694
512,128,128,11,16000000,0.39242389606343997,5.480533358556988,19288694
16,16,256,8,16000000,1.19267672149618,13.376388407321018,19288694
512,64,64,6,16000000,0.42499582050336,5.114279580099745,19288694
16,256,16,5,16000000,1.2240963134384801,12.928223525493419,19288694
128,4,128,4,16000000,0.7710263995486399,8.191889916410801,19857142
32,16,64,7,16000000,0.87739485059554,9.781220157218762,19857142
16,4,128,9,16000000,1.1929906225370999,13.613067524794435,19857142
64,128,128,5,16000000,0.7187356328870399,7.848913361196482,19857142
256,64,4,6,16000000,0.42587588132222,5.062299526673726,19857142
128,64,4,5,16000000,0.45600443376724,5.204295682551708,19857142
64,128,64,9,16000000,0.683726126396,8.1584214623316,19857142
16,128,64,11,16000000,1.1850744630801997,14.077277392942422,19857142
16,16,64,6,16000000,1.20940592172012,12.993390054076741,19857142
512,128,256,10,16000000,0.38896815321873995,5.31277773796432,19857142
16,4,256,4,16000000,1.2274090781429,12.717337462109153,20426012
256,256,64,11,16000000,0.39140401550256,5.378000556160509,20426012
16,256,128,6,16000000,1.20940592172012,13.058657006293016,20426012
16,64,256,4,16000000,1.22793857854292,12.735696417608231,20426012
64,4,4,8,16000000,0.6991328575881799,8.100818505481381,20426012
128,256,64,8,16000000,0.39918132581497995,5.026989294284749,20426012
64,256,64,6,16000000,0.7113571222452999,7.946486502694562,20426012
512,128,256,11,16000000,0.39242389606343997,5.494614507949059,20426012
128,256,16,12,16000000,0.40400328978208,5.563064734727511,20426012
32,4,64,6,16000000,0.8798644549205199,9.608032690321895,20426012
256,64,4,10,16000000,0.37894437592674,5.096650579776304,20988386
512,64,4,6,16000000,0.42587588132222,5.1161539725403955,20988386
512,64,64,11,16000000,0.39144111202774,5.457916062640216,20988386
16,4,128,10,16000000,1.1846851693668798,13.78997734577954,20988386
512,128,16,8,16000000,0.37998338699084,4.938059745802829,20988386
512,256,128,11,16000000,0.39242389606343997,5.491147504467557,20988386
16,16,64,4,16000000,1.22793857854292,12.679617079432626,20988386
32,16,16,10,16000000,0.8744177222584999,10.360520529006301,20988386
256,128,4,6,16000000,0.42587588132222,5.068185526161578,20988386
512,4,64,11,16000000,0.68409169163048,8.720995292990752,20988386
128,256,128,9,16000000,0.40797561790298,5.223192995332688,21558209
32,256,16,11,16000000,0.86411191122068,10.499339314335733,21558209
128,128,128,12,16000000,0.40369377283846,5.562816836825297,21558209
16,256,4,4,16000000,1.22560193163228,12.692665451244583,21558209
128,4,128,12,16000000,0.69839755242776,8.891361034172427,21558209
256,128,256,9,16000000,0.38026278956793996,5.012664202838004,21558209
512,64,128,12,16000000,0.39000230470170005,5.600695944534969,21558209
64,256,128,10,16000000,0.6705329416059601,8.216856053415174,21558209
128,4,16,8,16000000,0.6985918321957599,8.130451285714518,21558209
64,128,4,8,16000000,0.68454942159176,7.982010165815016,21558209
64,4,16,4,16000000,0.76511963754824,8.09370964858732,22121064
256,16,64,5,16000000,0.45187186761636,5.203954333252408,22121064
32,64,64,9,16000000,0.8684132692584999,10.102994813854885,22121064
32,64,256,11,16000000,0.8640217848226799,10.513429918173221,22121064
32,256,4,11,16000000,0.8646089139097201,10.50302005938641,22121064
512,4,64,7,16000000,0.72602632384508,8.375712310901076,22121064
128,4,256,11,16000000,0.68409610924648,8.558490951927148,22121064
32,16,128,9,16000000,0.8684132692584999,10.10632748883885,22121064
128,256,256,7,16000000,0.42403860523906,5.165111566638373,22121064
64,4,64,12,16000000,0.6984483421690599,8.837398041099338,22121064
256,128,256,5,16000000,0.45183195427956,5.238220190667967,22684010
256,128,256,7,16000000,0.37174963789326,4.680944532394019,22684010
512,4,16,10,16000000,0.6985641447158,8.671651049224351,22684010
512,64,16,4,16000000,0.55939074775904,6.183518609990761,22684010
128,16,256,9,16000000,0.40802435794282,5.2167556913829465,22684010
128,64,16,6,16000000,0.44401498520364,5.199049698087169,22684010
256,128,256,4,16000000,0.55905346378806,6.181688076262392,22684010
32,16,64,5,16000000,0.8971052321529599,9.58964018411957,22684010
128,64,16,9,16000000,0.40826996723958,5.1957514313020585,22684010
256,128,256,6,16000000,0.42499859465586,5.088538919758525,22684010
16,4,16,7,16000000,1.16408137706666,12.75957366502581,23246062
256,256,256,6,16000000,0.42499859465586,5.099744553419022,23246062
256,4,128,7,16000000,0.72602634373148,8.312047473564897,23246062
128,128,64,6,16000000,0.4437446969322,5.208990689895992,23246062
64,256,256,10,16000000,0.6705329416059601,8.23596457028269,23246062
128,128,256,9,16000000,0.40797561790298,5.226659058297637,23246062
64,4,16,10,16000000,0.7018262488079399,8.49233750377475,23246062
256,128,4,7,16000000,0.37264493449302,4.6626213627125,23246062
16,4,256,8,16000000,1.1921566689435,13.369043004836728,23246062
32,16,128,12,16000000,0.8513061304020999,10.555332426815044,23246062
512,4,4,12,16000000,0.6990557454099401,9.08951751243751,23805783
256,256,256,11,16000000,0.38208852674908,5.309409585486205,23805783
32,128,128,9,16000000,0.8684132692584999,10.124996071750148,23805783
16,4,128,5,16000000,1.22408282054514,12.90435432397085,23805783
512,16,16,4,16000000,0.5593924380996,6.177435705309871,23805783
128,4,64,12,16000000,0.69839726549636,8.881053089003885,23805783
128,4,256,12,16000000,0.69839755242776,8.910971410980101,23805783
512,16,128,4,16000000,0.5590837762770999,6.191408023488293,23805783
256,64,64,7,16000000,0.3717664432814,4.654700732630225,23805783
64,64,16,6,16000000,0.7115820056858599,7.914472161158477,23805783
32,256,64,11,16000000,0.8640217848226799,10.508149201065173,24371402
16,128,128,8,16000000,1.19267672149618,13.372106054896523,24371402
512,256,64,7,16000000,0.3717589915767,4.730726899529942,24371402
256,4,256,12,16000000,0.69838696436296,8.995366321214034,24371402
32,16,256,12,16000000,0.8513061304020999,10.577761986555759,24371402
256,256,4,4,16000000,0.5599602106507,6.169380812962891,24371402
128,16,256,5,16000000,0.45523468402398,5.222523786648407,24371402
16,256,4,10,16000000,1.18598447646014,13.825739824457234,24371402
256,128,64,7,16000000,0.3717664432814,4.660052467914453,24371402
128,256,256,6,16000000,0.4437446969322,5.24340175957315,24371402
32,4,128,5,16000000,0.89728346789132,9.602475997057002,24953128
512,128,128,12,16000000,0.39000230470170005,5.606221693254687,24953128
32,256,256,6,16000000,0.8789857534696199,9.673471467999986,24953128
128,128,256,11,16000000,0.40233856199018,5.430613895698093,24953128
512,256,64,4,16000000,0.55904189134796,6.20900332092827,24953128
32,16,4,11,16000000,0.8646089139097201,10.465211155820688,24953128
32,64,4,10,16000000,0.8715101750742,10.335625041096499,24953128
512,4,16,9,16000000,0.7117233252755599,8.614941979434217,24953128
16,16,16,5,16000000,1.2240963134384801,12.877616712777094,24953128
64,16,256,5,16000000,0.7187356328870399,7.852888235785315,24953128
64,64,4,11,16000000,0.6701815360875799,8.348948202951474,25520142
32,4,128,11,16000000,0.86420100778094,10.483284069885407,25520142
16,16,128,12,16000000,1.18712143958516,14.368681757599555,25520142
16,256,128,4,16000000,1.22793857854292,12.745721454486489,25520142
128,4,16,4,16000000,0.77113264525362,8.17215450109007,25520142
128,128,4,7,16000000,0.41189573506468,5.001721252733998,25520142
512,64,16,11,16000000,0.39154797167134,5.4534665659784505,25520142
256,64,128,11,16000000,0.38208852674908,5.279639229569987,25520142
64,256,64,4,16000000,0.7425468651541199,7.930159844069537,25520142
256,4,256,6,16000000,0.7260534559424201,8.14977619638945,25520142
256,64,128,10,16000000,0.3809428064092,5.128786550760536,26098066
512,4,128,12,16000000,0.69838696436296,9.102825684722973,26098066
16,4,128,12,16000000,1.18717966520474,14.367814565466414,26098066
32,4,64,7,16000000,0.87552065398724,9.760555938792828,26098066
512,128,4,10,16000000,0.37894437592674,5.188439576215045,26098066
32,4,256,10,16000000,0.87296696536924,10.388145974984644,26098066
32,128,64,11,16000000,0.8640217848226799,10.488953118367608,26098066
128,4,256,7,16000000,0.72602634373148,8.278454457582178,26098066
512,64,16,10,16000000,0.3794529790382,5.187761844640427,26098066
16,256,128,8,16000000,1.19267672149618,13.397287538207449,26098066
128,128,128,10,16000000,0.40411906187966,5.304584754506413,26645189
512,256,256,8,16000000,0.37960692836009996,4.971991745317815,26645189
128,64,16,12,16000000,0.40400328978208,5.546583209184439,26645189
128,4,4,5,16000000,0.73994866751946,8.030367048507586,26645189
128,64,64,11,16000000,0.40233943130772,5.403228503645883,26645189
256,64,64,4,16000000,0.55905346378806,6.148468502745619,26645189
128,128,128,9,16000000,0.40797561790298,5.212297378293339,26645189
512,16,4,5,16000000,0.45268751081810005,5.250195552561978,26645189
64,128,256,10,16000000,0.6705329416059601,8.220321004169959,26645189
256,128,16,11,16000000,0.39154797167134,5.363116223581435,26645189
256,128,128,6,16000000,0.42499859465586,5.073866460124665,27222499
512,256,4,7,16000000,0.37264493449302,4.733336170783442,27222499
64,64,256,8,16000000,0.68378132951284,8.004544729227703,27222499
16,256,256,10,16000000,1.1846335955087,13.86814680898602,27222499
256,128,16,12,16000000,0.38862223435482,5.474191065338978,27222499
512,128,4,9,16000000,0.37334192563158003,4.99834335357784,27222499
512,64,4,11,16000000,0.37930677881522,5.334995155148379,27222499
256,64,128,4,16000000,0.55905346378806,6.157417310888574,27222499
256,256,256,12,16000000,0.38881977828695996,5.513856840977423,27222499
16,128,64,6,16000000,1.20940592172012,13.017983423948184,27222499
64,64,256,9,16000000,0.683726126396,8.179618072221928,27797918
512,256,4,8,16000000,0.38053019503636,4.952969055422352,27797918
256,64,4,11,16000000,0.37930677881522,5.239819573963862,27797918
128,4,16,5,16000000,0.73939488927968,8.026217463588065,27797918
64,16,64,7,16000000,0.69809946587532,7.9462161701734955,27797918
64,256,128,8,16000000,0.68378132951284,8.009431575735924,27797918
64,128,256,5,16000000,0.7187356328870399,7.868929090313248,27797918
128,128,256,4,16000000,0.5611259791160799,6.168757898286139,27797918
512,64,256,7,16000000,0.37174096033614,4.7360023966768345,27797918
16,128,16,10,16000000,1.1846947588504,13.788134311841791,27797918
512,64,4,5,16000000,0.45268749093174004,5.2554221541538855,28370154
256,16,16,10,16000000,0.37841353520157994,5.087282050838692,28370154
64,16,64,4,16000000,0.7425468651541199,7.896752696630648,28370154
64,4,64,5,16000000,0.73930083676804,8.012618629252579,28370154
32,256,64,4,16000000,0.8941579592800599,9.405766730951656,28370154
512,64,256,12,16000000,0.39000230470170005,5.61473374225789,28370154
128,256,64,12,16000000,0.40369427994055995,5.566140647194322,28370154
16,16,4,4,16000000,1.22560193163228,12.641941599864682,28370154
16,16,4,12,16000000,1.18668297589666,14.334431488052639,28370154
256,4,4,9,16000000,0.71229142166268,8.525314707632248,28370154
