benchmark,interval,cluster,index,cpi
cjpeg,1000,7,7,4.565000
cjpeg,1000,7,4,3.387776
cjpeg,1000,7,5,2.618000
cjpeg,1000,7,8,3.125498
cjpeg,1000,7,2,3.329990
cjpeg,1000,7,3,2.967066
cjpeg,1000,7,0,2.924152
cjpeg,1000,7,6,6.376248
cjpeg,1000,7,1,8.995996
cjpeg,1000,14,4,3.041916
cjpeg,1000,14,2,3.527000
cjpeg,1000,14,3,3.891000
cjpeg,1000,14,0,8.820180
cjpeg,1000,14,1,3.344000
cjpeg,1000,4,7,9.081755
cjpeg,1000,4,4,11.209000
cjpeg,1000,4,5,1.026892
cjpeg,1000,4,9,8.595000
cjpeg,1000,4,8,4.960040
cjpeg,1000,4,2,11.236763
cjpeg,1000,4,3,17.018000
cjpeg,1000,4,0,0.476954
cjpeg,1000,4,6,8.590229
cjpeg,1000,4,1,8.156313
cjpeg,1000,5,7,3.057057
cjpeg,1000,5,4,3.637089
cjpeg,1000,5,5,2.395000
cjpeg,1000,5,9,2.438124
cjpeg,1000,5,8,7.597804
cjpeg,1000,5,2,2.711423
cjpeg,1000,5,3,3.295409
cjpeg,1000,5,0,3.457372
cjpeg,1000,5,6,1.503984
cjpeg,1000,5,1,5.865269
cjpeg,1000,13,7,3.996004
cjpeg,1000,13,4,3.957043
cjpeg,1000,13,5,2.956957
cjpeg,1000,13,9,2.444000
cjpeg,1000,13,8,9.549352
cjpeg,1000,13,2,3.169830
cjpeg,1000,13,3,4.749251
cjpeg,1000,13,0,3.142142
cjpeg,1000,13,6,2.879482
cjpeg,1000,13,1,2.689000
cjpeg,1000,9,0,8.856281
cjpeg,1000,8,2,2.317317
cjpeg,1000,8,0,3.736000
cjpeg,1000,8,1,1.129611
cjpeg,1000,2,0,7.640562
cjpeg,1000,2,1,8.503490
cjpeg,1000,3,7,9.893107
cjpeg,1000,3,4,11.963000
cjpeg,1000,3,5,8.408000
cjpeg,1000,3,8,3.637275
cjpeg,1000,3,2,13.307615
cjpeg,1000,3,3,13.457000
cjpeg,1000,3,0,0.856431
cjpeg,1000,3,6,11.032967
cjpeg,1000,3,1,14.235000
cjpeg,1000,0,7,3.568706
cjpeg,1000,0,4,2.935194
cjpeg,1000,0,5,2.891542
cjpeg,1000,0,9,5.030846
cjpeg,1000,0,8,4.489022
cjpeg,1000,0,2,3.180542
cjpeg,1000,0,3,3.350649
cjpeg,1000,0,0,2.950050
cjpeg,1000,0,6,2.540000
cjpeg,1000,0,1,2.966000
cjpeg,1000,10,0,3.005976
cjpeg,1000,10,1,2.015984
cjpeg,1000,17,7,5.142142
cjpeg,1000,17,4,4.128486
cjpeg,1000,17,5,13.875125
cjpeg,1000,17,9,7.487512
cjpeg,1000,17,8,9.309000
cjpeg,1000,17,2,11.335000
cjpeg,1000,17,3,14.000000
cjpeg,1000,17,0,12.241758
cjpeg,1000,17,6,10.894527
cjpeg,1000,17,1,2.923154
cjpeg,1000,15,0,3.435564
cjpeg,1000,15,1,3.525000
cjpeg,1000,11,2,10.068068
cjpeg,1000,11,3,12.957000
cjpeg,1000,11,0,10.935000
cjpeg,1000,11,1,4.636637
cjpeg,1000,12,0,15.660340
cjpeg,1000,12,1,3.200200
cjpeg,1000,16,4,6.414756
cjpeg,1000,16,5,4.778443
cjpeg,1000,16,2,4.944000
cjpeg,1000,16,3,3.223447
cjpeg,1000,16,0,4.820717
cjpeg,1000,16,1,3.910822
cjpeg,1000,6,2,9.503000
cjpeg,1000,6,3,4.655656
cjpeg,1000,6,0,6.001000
cjpeg,1000,6,1,6.725000
cjpeg,1000,1,7,2.822645
cjpeg,1000,1,4,3.013986
cjpeg,1000,1,5,12.566000
cjpeg,1000,1,9,5.097610
cjpeg,1000,1,8,8.762000
cjpeg,1000,1,2,7.982000
cjpeg,1000,1,3,0.825175
cjpeg,1000,1,0,3.351351
cjpeg,1000,1,6,8.208417
cjpeg,1000,1,1,11.702405
cjpeg,2000,7,2,4.400000
cjpeg,2000,7,0,4.549176
cjpeg,2000,7,1,5.976012
cjpeg,2000,4,2,3.019980
cjpeg,2000,4,3,2.760641
cjpeg,2000,4,0,3.063437
cjpeg,2000,4,1,3.367184
cjpeg,2000,5,7,2.944000
cjpeg,2000,5,4,3.973013
cjpeg,2000,5,5,3.719840
cjpeg,2000,5,9,3.076923
cjpeg,2000,5,8,3.585707
cjpeg,2000,5,2,3.942914
cjpeg,2000,5,3,3.645177
cjpeg,2000,5,0,3.593594
cjpeg,2000,5,6,3.203398
cjpeg,2000,5,1,3.330335
cjpeg,2000,2,0,7.598599
cjpeg,2000,3,4,2.090364
cjpeg,2000,3,2,5.482241
cjpeg,2000,3,3,2.447053
cjpeg,2000,3,0,3.942442
cjpeg,2000,3,1,8.291500
cjpeg,2000,0,0,15.094000
cjpeg,2000,0,1,10.598098
cjpeg,2000,6,7,5.504752
cjpeg,2000,6,4,9.933467
cjpeg,2000,6,5,3.397796
cjpeg,2000,6,2,6.833666
cjpeg,2000,6,3,3.523262
cjpeg,2000,6,0,5.097097
cjpeg,2000,6,6,9.413500
cjpeg,2000,6,1,9.903548
cjpeg,2000,1,7,4.478478
cjpeg,2000,1,4,5.130130
cjpeg,2000,1,5,4.272500
cjpeg,2000,1,9,5.657486
cjpeg,2000,1,8,8.085500
cjpeg,2000,1,2,3.567500
cjpeg,2000,1,3,3.335003
cjpeg,2000,1,0,8.135661
cjpeg,2000,1,6,8.282000
cjpeg,2000,1,1,9.302500
cjpeg,32000,4,0,1.897997
cjpeg,32000,5,0,4.066027
cjpeg,32000,9,0,2.276330
cjpeg,32000,2,0,2.513797
cjpeg,32000,3,0,2.687053
cjpeg,32000,0,0,3.034908
cjpeg,32000,10,0,4.730931
cjpeg,4000,7,0,8.477522
cjpeg,4000,4,0,7.669502
cjpeg,4000,4,1,4.092250
cjpeg,4000,5,7,9.418541
cjpeg,4000,5,4,4.884250
cjpeg,4000,5,5,3.971000
cjpeg,4000,5,8,7.248812
cjpeg,4000,5,2,5.644911
cjpeg,4000,5,3,5.148250
cjpeg,4000,5,0,4.711072
cjpeg,4000,5,6,8.018991
cjpeg,4000,5,1,4.166458
cjpeg,4000,9,0,3.328414
cjpeg,4000,9,1,2.861285
cjpeg,4000,8,0,4.342586
cjpeg,4000,2,2,5.843656
cjpeg,4000,2,0,2.886307
cjpeg,4000,2,1,4.738500
cjpeg,4000,3,2,1.979520
cjpeg,4000,3,3,7.045250
cjpeg,4000,3,0,3.237988
cjpeg,4000,3,1,3.858000
cjpeg,4000,0,0,5.050038
cjpeg,4000,10,0,7.467367
cjpeg,4000,11,2,5.262684
cjpeg,4000,11,0,6.580105
cjpeg,4000,11,1,7.375000
cjpeg,4000,12,0,4.903000
cjpeg,4000,12,1,3.370343
cjpeg,4000,6,0,9.631408
cjpeg,4000,6,1,5.949225
cjpeg,4000,1,7,3.042500
cjpeg,4000,1,4,3.347000
cjpeg,4000,1,5,3.509627
cjpeg,4000,1,9,2.848174
cjpeg,4000,1,8,2.579000
cjpeg,4000,1,2,2.946803
cjpeg,4000,1,3,3.146677
cjpeg,4000,1,0,3.396198
cjpeg,4000,1,6,2.762309
cjpeg,4000,1,1,2.828457
cjpeg,16000,2,0,3.096675
cjpeg,16000,0,4,4.427625
cjpeg,16000,0,2,3.771846
cjpeg,16000,0,3,3.619485
cjpeg,16000,0,0,2.229904
cjpeg,16000,0,1,6.111500
cjpeg,16000,1,7,3.019500
cjpeg,16000,1,4,2.069955
cjpeg,16000,1,5,2.012873
cjpeg,16000,1,2,4.468658
cjpeg,16000,1,3,2.502219
cjpeg,16000,1,0,2.633335
cjpeg,16000,1,6,3.759345
cjpeg,16000,1,1,2.631510
cjpeg,8000,26,0,1.824250
cjpeg,8000,7,2,4.895013
cjpeg,8000,7,3,5.716625
cjpeg,8000,7,0,2.882265
cjpeg,8000,7,1,3.379345
cjpeg,8000,14,0,2.286786
cjpeg,8000,25,0,2.844250
cjpeg,8000,5,0,4.665333
cjpeg,8000,13,0,6.370125
cjpeg,8000,9,0,3.623172
cjpeg,8000,22,0,4.954000
cjpeg,8000,8,2,3.065766
cjpeg,8000,8,0,2.993126
cjpeg,8000,8,1,2.956609
cjpeg,8000,2,0,5.271466
cjpeg,8000,3,0,7.563875
cjpeg,8000,0,0,5.633658
cjpeg,8000,23,0,3.097387
cjpeg,8000,20,0,3.588699
cjpeg,8000,10,0,3.048744
cjpeg,8000,15,2,2.656922
cjpeg,8000,15,0,3.031492
cjpeg,8000,15,1,2.929875
cjpeg,8000,11,2,2.420447
cjpeg,8000,11,0,2.592352
cjpeg,8000,11,1,2.952018
cjpeg,8000,29,0,2.582375
cjpeg,8000,12,0,5.070777
cjpeg,8000,1,0,3.017746
core,1000,7,2,3.186627
core,1000,7,0,2.656657
core,1000,7,1,3.297000
core,1000,14,7,9.085000
core,1000,14,4,8.174477
core,1000,14,5,3.238000
core,1000,14,9,3.111334
core,1000,14,8,9.718876
core,1000,14,2,4.203203
core,1000,14,3,8.384000
core,1000,14,0,2.596597
core,1000,14,6,4.605000
core,1000,14,1,3.329000
core,1000,4,4,4.575000
core,1000,4,2,2.590591
core,1000,4,3,6.372255
core,1000,4,0,3.214429
core,1000,4,1,3.212212
core,1000,5,7,3.359000
core,1000,5,4,6.432567
core,1000,5,5,2.836000
core,1000,5,9,2.847610
core,1000,5,8,6.650651
core,1000,5,2,3.009990
core,1000,5,3,3.198801
core,1000,5,0,4.882353
core,1000,5,6,2.880359
core,1000,5,1,2.650000
core,1000,13,7,5.698000
core,1000,13,4,2.596404
core,1000,13,5,3.569570
core,1000,13,9,2.473579
core,1000,13,8,5.215784
core,1000,13,2,2.705589
core,1000,13,3,7.695000
core,1000,13,0,3.109438
core,1000,13,6,4.311000
core,1000,13,1,3.862138
core,1000,9,7,6.153846
core,1000,9,4,12.651652
core,1000,9,5,5.783000
core,1000,9,9,14.219124
core,1000,9,8,4.323323
core,1000,9,2,9.313627
core,1000,9,3,19.028084
core,1000,9,0,3.029970
core,1000,9,6,13.209000
core,1000,9,1,6.697000
core,1000,8,7,5.244000
core,1000,8,4,12.053000
core,1000,8,5,8.948949
core,1000,8,9,6.137000
core,1000,8,8,11.180819
core,1000,8,2,10.567568
core,1000,8,3,14.243000
core,1000,8,0,12.738000
core,1000,8,6,8.319361
core,1000,8,1,5.394816
core,1000,2,7,4.006000
core,1000,2,4,4.450803
core,1000,2,5,6.466000
core,1000,2,9,3.202595
core,1000,2,8,2.424273
core,1000,2,2,3.349699
core,1000,2,3,5.848546
core,1000,2,0,3.394578
core,1000,2,6,7.692385
core,1000,2,1,3.196196
core,1000,3,2,4.906814
core,1000,3,0,1.445000
core,1000,3,1,4.057114
core,1000,0,0,2.483549
core,1000,10,7,12.379000
core,1000,10,4,3.753247
core,1000,10,5,3.288000
core,1000,10,9,7.104790
core,1000,10,8,9.996997
core,1000,10,2,5.840160
core,1000,10,3,8.442000
core,1000,10,0,2.768000
core,1000,10,6,4.988978
core,1000,10,1,13.266533
core,1000,15,7,2.946894
core,1000,15,4,3.474000
core,1000,15,5,2.872637
core,1000,15,9,2.936937
core,1000,15,8,5.047094
core,1000,15,2,2.781219
core,1000,15,3,2.642285
core,1000,15,0,3.405594
core,1000,15,6,3.544088
core,1000,15,1,4.354645
core,1000,11,0,2.514940
core,1000,11,1,4.428428
core,1000,12,7,4.201403
core,1000,12,4,5.265265
core,1000,12,5,5.055888
core,1000,12,9,4.651652
core,1000,12,8,15.642715
core,1000,12,2,4.705000
core,1000,12,3,9.595596
core,1000,12,0,6.821000
core,1000,12,6,4.758032
core,1000,12,1,3.114000
core,1000,6,0,2.943000
core,1000,1,4,6.079920
core,1000,1,2,7.908184
core,1000,1,3,12.638000
core,1000,1,0,10.976119
core,1000,1,1,2.619381
core,2000,7,7,3.549098
core,2000,7,4,4.136000
core,2000,7,5,4.589000
core,2000,7,9,2.876938
core,2000,7,8,3.662331
core,2000,7,2,4.271500
core,2000,7,3,4.041521
core,2000,7,0,3.421000
core,2000,7,6,2.521239
core,2000,7,1,2.490736
core,2000,4,0,4.108500
core,2000,5,4,9.457542
core,2000,5,2,3.031968
core,2000,5,3,2.696304
core,2000,5,0,2.983017
core,2000,5,1,3.365683
core,2000,2,7,4.828172
core,2000,2,4,9.903548
core,2000,2,5,8.094453
core,2000,2,9,3.353646
core,2000,2,8,3.620810
core,2000,2,2,3.270000
core,2000,2,3,3.062375
core,2000,2,0,3.730769
core,2000,2,6,5.077039
core,2000,2,1,6.219940
core,2000,3,7,8.004505
core,2000,3,4,8.330500
core,2000,3,5,9.764264
core,2000,3,9,7.015508
core,2000,3,8,2.448500
core,2000,3,2,7.889500
core,2000,3,3,7.799900
core,2000,3,0,10.402701
core,2000,3,6,7.259481
core,2000,3,1,17.123562
core,2000,0,0,6.045432
core,2000,0,1,5.476785
core,2000,6,2,11.404500
core,2000,6,0,6.805403
core,2000,6,1,7.101152
core,2000,1,2,1.909364
core,2000,1,0,3.361139
core,2000,1,1,5.687656
core,32000,0,4,2.689428
core,32000,0,5,4.734165
core,32000,0,2,2.292669
core,32000,0,3,1.936687
core,32000,0,0,3.065756
core,32000,0,1,4.806638
core,4000,7,7,3.114750
core,4000,7,4,3.381655
core,4000,7,5,3.059515
core,4000,7,9,3.632092
core,4000,7,8,3.190095
core,4000,7,2,3.465233
core,4000,7,3,2.792396
core,4000,7,0,3.264750
core,4000,7,6,3.001501
core,4000,7,1,3.176294
core,4000,4,2,7.884308
core,4000,4,0,4.653740
core,4000,4,1,7.444111
core,4000,5,7,3.133417
core,4000,5,4,2.979255
core,4000,5,5,2.429500
core,4000,5,9,2.295205
core,4000,5,8,3.073500
core,4000,5,2,2.595952
core,4000,5,3,2.698651
core,4000,5,0,3.280460
core,4000,5,6,2.672750
core,4000,5,1,3.097226
core,4000,2,7,7.311017
core,4000,2,4,3.262369
core,4000,2,5,8.436064
core,4000,2,2,3.621500
core,4000,2,3,8.253687
core,4000,2,0,5.315421
core,4000,2,6,6.176000
core,4000,2,1,4.388847
core,4000,3,2,7.539365
core,4000,3,0,3.225944
core,4000,3,1,4.944986
core,4000,0,0,5.280680
core,4000,0,1,9.640140
core,4000,6,0,3.324081
core,4000,6,1,2.845500
core,4000,1,2,2.050551
core,4000,1,0,4.029985
core,4000,1,1,3.218641
core,16000,2,7,4.630993
core,16000,2,4,2.117875
core,16000,2,5,2.542438
core,16000,2,2,2.505907
core,16000,2,3,3.805712
core,16000,2,0,3.107701
core,16000,2,6,2.033065
core,16000,2,1,2.791513
core,16000,0,0,3.090693
core,16000,1,2,4.474349
core,16000,1,0,6.117750
core,16000,1,1,5.327647
core,8000,2,7,3.029625
core,8000,2,4,2.659957
core,8000,2,5,2.789072
core,8000,2,9,3.039620
core,8000,2,8,3.143679
core,8000,2,2,2.662248
core,8000,2,3,2.968734
core,8000,2,0,3.247532
core,8000,2,6,2.446388
core,8000,2,1,2.984240
core,8000,3,0,3.073634
core,8000,0,4,5.081834
core,8000,0,2,6.187500
core,8000,0,3,5.126141
core,8000,0,0,7.689500
core,8000,0,1,3.112375
core,8000,1,0,4.988750
core,8000,1,1,4.640000
linear,1000,7,7,0.449102
linear,1000,7,4,0.599799
linear,1000,7,5,0.587413
linear,1000,7,9,0.595787
linear,1000,7,8,1.597598
linear,1000,7,2,0.591409
linear,1000,7,3,1.725275
linear,1000,7,0,0.592000
linear,1000,7,6,0.449550
linear,1000,7,1,0.450549
linear,1000,14,7,1.673347
linear,1000,14,4,1.852000
linear,1000,14,5,1.775551
linear,1000,14,9,2.228000
linear,1000,14,8,1.787425
linear,1000,14,2,1.615230
linear,1000,14,3,1.574148
linear,1000,14,0,1.673347
linear,1000,14,6,2.201000
linear,1000,14,1,1.675351
linear,1000,4,7,1.968907
linear,1000,4,4,1.860861
linear,1000,4,5,2.086000
linear,1000,4,9,1.715000
linear,1000,4,8,1.735000
linear,1000,4,2,1.934935
linear,1000,4,3,1.889890
linear,1000,4,0,1.958000
linear,1000,4,6,1.905906
linear,1000,4,1,1.905906
linear,1000,5,7,1.454545
linear,1000,5,4,2.404595
linear,1000,5,5,1.553554
linear,1000,5,9,1.914915
linear,1000,5,8,1.560000
linear,1000,5,2,1.737738
linear,1000,5,3,1.419741
linear,1000,5,0,1.493014
linear,1000,5,6,1.460539
linear,1000,5,1,1.352056
linear,1000,13,7,3.529058
linear,1000,13,4,3.163000
linear,1000,13,5,3.217000
linear,1000,13,9,2.866000
linear,1000,13,8,1.425000
linear,1000,13,2,2.755000
linear,1000,13,3,3.219561
linear,1000,13,0,2.902196
linear,1000,13,6,1.522000
linear,1000,13,1,3.376376
linear,1000,9,0,1.689000
linear,1000,8,4,3.230000
linear,1000,8,5,1.792000
linear,1000,8,2,1.543000
linear,1000,8,3,5.430430
linear,1000,8,0,1.495992
linear,1000,8,1,1.450549
linear,1000,2,7,7.344622
linear,1000,2,4,3.028913
linear,1000,2,5,3.113886
linear,1000,2,9,1.752248
linear,1000,2,8,6.536145
linear,1000,2,2,5.055944
linear,1000,2,3,9.943170
linear,1000,2,0,7.829000
linear,1000,2,6,4.364000
linear,1000,2,1,8.411234
linear,1000,3,7,3.323676
linear,1000,3,4,2.503504
linear,1000,3,5,2.339339
linear,1000,3,9,2.681407
linear,1000,3,8,3.980020
linear,1000,3,2,2.343313
linear,1000,3,3,2.144433
linear,1000,3,0,2.359640
linear,1000,3,6,1.535394
linear,1000,3,1,2.339000
linear,1000,0,7,0.833665
linear,1000,0,4,0.562000
linear,1000,0,5,0.876494
linear,1000,0,9,0.843157
linear,1000,0,8,0.789841
linear,1000,0,2,0.710159
linear,1000,0,3,0.842629
linear,1000,0,0,0.587413
linear,1000,0,6,0.522433
linear,1000,0,1,0.789841
linear,1000,10,2,2.360360
linear,1000,10,3,2.486000
linear,1000,10,0,2.109218
linear,1000,10,1,1.996008
linear,1000,15,7,2.022000
linear,1000,15,4,1.605817
linear,1000,15,5,1.838839
linear,1000,15,9,2.348651
linear,1000,15,8,3.426000
linear,1000,15,2,2.358000
linear,1000,15,3,2.355644
linear,1000,15,0,1.576000
linear,1000,15,6,6.072072
linear,1000,15,1,1.968000
linear,1000,11,7,1.908543
linear,1000,11,4,1.759036
linear,1000,11,5,1.728916
linear,1000,11,9,1.947000
linear,1000,11,8,1.879000
linear,1000,11,2,1.969940
linear,1000,11,3,1.888000
linear,1000,11,0,2.075075
linear,1000,11,6,1.729000
linear,1000,11,1,2.078235
linear,1000,12,7,1.433300
linear,1000,12,4,1.540541
linear,1000,12,5,1.244511
linear,1000,12,9,1.396396
linear,1000,12,8,1.592593
linear,1000,12,2,1.409590
linear,1000,12,3,1.398798
linear,1000,12,0,1.726000
linear,1000,12,6,1.585000
linear,1000,12,1,2.024000
linear,1000,6,0,1.792000
linear,1000,6,1,1.674675
linear,1000,1,7,1.718719
linear,1000,1,4,1.889000
linear,1000,1,5,2.166000
linear,1000,1,9,0.843157
linear,1000,1,8,0.596386
linear,1000,1,2,2.032000
linear,1000,1,3,1.844000
linear,1000,1,0,1.808000
linear,1000,1,6,2.042000
linear,1000,1,1,2.241000
linear,2000,7,2,2.981000
linear,2000,7,3,1.472236
linear,2000,7,0,1.519481
linear,2000,7,1,1.572714
linear,2000,14,7,1.917959
linear,2000,14,4,0.733267
linear,2000,14,5,1.670500
linear,2000,14,9,1.888944
linear,2000,14,8,1.873937
linear,2000,14,2,0.686500
linear,2000,14,3,2.104500
linear,2000,14,0,1.822000
linear,2000,14,6,1.668332
linear,2000,14,1,2.001500
linear,2000,4,7,4.119940
linear,2000,4,4,0.682500
linear,2000,4,5,0.751752
linear,2000,4,9,1.843000
linear,2000,4,8,1.947000
linear,2000,4,2,0.890000
linear,2000,4,3,0.640641
linear,2000,4,0,0.793516
linear,2000,4,6,0.773500
linear,2000,4,1,0.697197
linear,2000,5,7,1.798701
linear,2000,5,4,1.745373
linear,2000,5,5,1.604593
linear,2000,5,9,1.637544
linear,2000,5,8,1.831331
linear,2000,5,2,1.343157
linear,2000,5,3,1.217609
linear,2000,5,0,1.515774
linear,2000,5,6,1.204705
linear,2000,5,1,1.508746
linear,2000,13,7,1.835082
linear,2000,13,4,1.604698
linear,2000,13,5,1.758759
linear,2000,13,9,1.455544
linear,2000,13,8,1.630185
linear,2000,13,2,1.693153
linear,2000,13,3,1.657000
linear,2000,13,0,1.524238
linear,2000,13,6,3.041937
linear,2000,13,1,1.905859
linear,2000,9,7,1.791812
linear,2000,9,4,1.539270
linear,2000,9,5,1.476262
linear,2000,9,9,1.552172
linear,2000,9,8,1.816817
linear,2000,9,2,1.599500
linear,2000,9,3,1.494247
linear,2000,9,0,1.529294
linear,2000,9,6,1.656843
linear,2000,9,1,1.840160
linear,2000,8,7,1.628372
linear,2000,8,4,1.888000
linear,2000,8,5,2.058500
linear,2000,8,9,1.685315
linear,2000,8,8,2.149500
linear,2000,8,2,1.677500
linear,2000,8,3,1.833000
linear,2000,8,0,1.828500
linear,2000,8,6,1.634366
linear,2000,8,1,1.891000
linear,2000,2,7,0.606590
linear,2000,2,4,8.178000
linear,2000,2,5,2.652847
linear,2000,2,9,0.449326
linear,2000,2,8,0.454181
linear,2000,2,2,3.574500
linear,2000,2,3,9.607196
linear,2000,2,0,4.087912
linear,2000,2,6,3.598299
linear,2000,2,1,3.769500
linear,2000,3,7,1.928964
linear,2000,3,4,1.912956
linear,2000,3,5,2.024525
linear,2000,3,9,2.009995
linear,2000,3,8,1.873373
linear,2000,3,2,1.765117
linear,2000,3,3,1.917417
linear,2000,3,0,1.791104
linear,2000,3,6,1.910455
linear,2000,3,1,1.709500
linear,2000,0,7,3.052526
linear,2000,0,4,10.025013
linear,2000,0,5,7.865433
linear,2000,0,9,3.155844
linear,2000,0,8,2.955544
linear,2000,0,2,4.809095
linear,2000,0,3,2.521978
linear,2000,0,0,1.918459
linear,2000,0,6,11.335500
linear,2000,0,1,13.595702
linear,2000,10,7,1.971471
linear,2000,10,4,2.664668
linear,2000,10,5,2.678322
linear,2000,10,9,1.948448
linear,2000,10,8,1.954977
linear,2000,10,2,2.337500
linear,2000,10,3,2.675338
linear,2000,10,0,5.489755
linear,2000,10,6,1.996000
linear,2000,10,1,2.640000
linear,2000,17,7,7.303804
linear,2000,17,4,3.825913
linear,2000,17,5,8.269500
linear,2000,17,9,3.557336
linear,2000,17,8,3.682866
linear,2000,17,2,7.540190
linear,2000,17,3,2.165417
linear,2000,17,0,6.056028
linear,2000,17,6,7.771000
linear,2000,17,1,3.685786
linear,2000,15,7,1.970015
linear,2000,15,4,1.771842
linear,2000,15,5,1.762000
linear,2000,15,9,1.843157
linear,2000,15,8,1.832833
linear,2000,15,2,1.844078
linear,2000,15,3,1.867500
linear,2000,15,0,1.906547
linear,2000,15,6,1.772000
linear,2000,15,1,1.446169
linear,2000,11,0,2.010995
linear,2000,11,1,1.858647
linear,2000,18,7,0.448827
linear,2000,18,4,3.554054
linear,2000,18,5,0.525288
linear,2000,18,9,0.690691
linear,2000,18,8,3.473473
linear,2000,18,2,0.452679
linear,2000,18,3,0.520719
linear,2000,18,0,0.452821
linear,2000,18,6,0.521717
linear,2000,18,1,0.530295
linear,2000,12,2,5.611194
linear,2000,12,3,1.544772
linear,2000,12,0,6.214822
linear,2000,12,1,3.336837
linear,2000,16,7,1.482241
linear,2000,16,4,9.903548
linear,2000,16,5,1.490745
linear,2000,16,9,1.670665
linear,2000,16,8,6.766000
linear,2000,16,2,4.866067
linear,2000,16,3,3.800500
linear,2000,16,0,10.354645
linear,2000,16,6,4.229000
linear,2000,16,1,8.245377
linear,2000,6,4,1.793691
linear,2000,6,5,2.612000
linear,2000,6,2,9.482776
linear,2000,6,3,1.502000
linear,2000,6,0,1.600100
linear,2000,6,1,1.465733
linear,2000,1,7,2.673674
linear,2000,1,4,1.997000
linear,2000,1,5,2.356356
linear,2000,1,9,2.421421
linear,2000,1,8,2.341159
linear,2000,1,2,1.639361
linear,2000,1,3,1.640360
linear,2000,1,0,1.682182
linear,2000,1,6,2.420790
linear,2000,1,1,1.671329
linear,32000,7,7,1.802231
linear,32000,7,4,1.915662
linear,32000,7,5,1.795869
linear,32000,7,9,1.818531
linear,32000,7,8,1.788306
linear,32000,7,2,1.756789
linear,32000,7,3,1.769889
linear,32000,7,0,2.004469
linear,32000,7,6,1.843104
linear,32000,7,1,1.877527
linear,32000,4,4,4.715384
linear,32000,4,2,1.907812
linear,32000,4,3,2.668312
linear,32000,4,0,2.341001
linear,32000,4,1,3.103184
linear,32000,5,2,1.076904
linear,32000,5,3,1.895125
linear,32000,5,0,0.665740
linear,32000,5,1,0.673104
linear,32000,9,4,1.785402
linear,32000,9,5,1.689676
linear,32000,9,2,1.799206
linear,32000,9,3,1.733460
linear,32000,9,0,1.751758
linear,32000,9,1,1.715821
linear,32000,8,0,3.541486
linear,32000,8,1,0.820688
linear,32000,2,7,0.674260
linear,32000,2,4,0.683895
linear,32000,2,5,0.676489
linear,32000,2,9,0.672500
linear,32000,2,8,0.679022
linear,32000,2,2,0.674062
linear,32000,2,3,0.664292
linear,32000,2,0,0.672917
linear,32000,2,6,0.673750
linear,32000,2,1,0.672614
linear,32000,3,4,1.976875
linear,32000,3,5,2.087628
linear,32000,3,2,1.983500
linear,32000,3,3,1.984312
linear,32000,3,0,1.984000
linear,32000,3,1,1.987562
linear,32000,0,7,1.452980
linear,32000,0,4,1.132058
linear,32000,0,5,1.082406
linear,32000,0,2,1.124227
linear,32000,0,3,1.311406
linear,32000,0,0,1.131952
linear,32000,0,6,1.691051
linear,32000,0,1,1.305459
linear,32000,10,4,1.739985
linear,32000,10,2,0.936721
linear,32000,10,3,0.789368
linear,32000,10,0,0.875344
linear,32000,10,1,1.032968
linear,32000,11,2,1.648552
linear,32000,11,3,1.755102
linear,32000,11,0,1.712388
linear,32000,11,1,1.645384
linear,32000,12,0,2.258344
linear,32000,6,7,1.805681
linear,32000,6,4,1.940849
linear,32000,6,5,1.833526
linear,32000,6,9,1.759383
linear,32000,6,8,1.918755
linear,32000,6,2,1.811057
linear,32000,6,3,1.781351
linear,32000,6,0,1.894240
linear,32000,6,6,1.837161
linear,32000,6,1,1.796188
linear,32000,1,7,1.712621
linear,32000,1,4,1.747305
linear,32000,1,5,1.764024
linear,32000,1,9,1.703103
linear,32000,1,8,1.733031
linear,32000,1,2,1.575295
linear,32000,1,3,1.604437
linear,32000,1,0,1.436027
linear,32000,1,6,1.581326
linear,32000,1,1,1.530485
linear,4000,7,7,1.385193
linear,4000,7,4,1.815315
linear,4000,7,5,1.754439
linear,4000,7,9,1.609348
linear,4000,7,8,1.342914
linear,4000,7,2,1.523131
linear,4000,7,3,3.226637
linear,4000,7,0,1.534250
linear,4000,7,6,1.691018
linear,4000,7,1,1.519870
linear,4000,14,0,1.769500
linear,4000,14,1,1.755750
linear,4000,4,7,0.700325
linear,4000,4,4,1.892250
linear,4000,4,5,0.632158
linear,4000,4,9,0.750625
linear,4000,4,8,0.676088
linear,4000,4,2,1.599300
linear,4000,4,3,1.623750
linear,4000,4,0,1.957750
linear,4000,4,6,0.699675
linear,4000,4,1,2.081500
linear,4000,5,4,0.486500
linear,4000,5,5,0.748624
linear,4000,5,2,2.000750
linear,4000,5,3,0.451750
linear,4000,5,0,0.668332
linear,4000,5,6,0.676088
linear,4000,5,1,2.116587
linear,4000,13,7,2.944472
linear,4000,13,4,2.406203
linear,4000,13,5,1.613903
linear,4000,13,9,1.936548
linear,4000,13,8,2.752188
linear,4000,13,2,1.624906
linear,4000,13,3,1.666250
linear,4000,13,0,1.667501
linear,4000,13,6,1.772943
linear,4000,13,1,1.672745
linear,4000,9,7,5.510755
linear,4000,9,4,2.500500
linear,4000,9,5,7.206750
linear,4000,9,9,1.704574
linear,4000,9,8,3.190952
linear,4000,9,2,0.489750
linear,4000,9,3,2.391750
linear,4000,9,0,2.030758
linear,4000,9,6,1.474000
linear,4000,9,1,0.684066
linear,4000,8,7,1.729068
linear,4000,8,4,1.971507
linear,4000,8,5,1.917250
linear,4000,8,9,1.779500
linear,4000,8,8,1.769750
linear,4000,8,2,1.919480
linear,4000,8,3,1.931767
linear,4000,8,0,1.963991
linear,4000,8,6,1.901225
linear,4000,8,1,1.932517
linear,4000,2,7,2.503500
linear,4000,2,4,1.756939
linear,4000,2,5,1.779945
linear,4000,2,9,2.497127
linear,4000,2,8,2.547274
linear,4000,2,2,3.152424
linear,4000,2,3,1.634091
linear,4000,2,0,1.643928
linear,4000,2,6,2.442279
linear,4000,2,1,2.282321
linear,4000,3,7,2.188656
linear,4000,3,4,1.573787
linear,4000,3,5,1.436141
linear,4000,3,9,1.629250
linear,4000,3,8,1.655086
linear,4000,3,2,1.909295
linear,4000,3,3,3.066533
linear,4000,3,0,1.712034
linear,4000,3,6,1.326500
linear,4000,3,1,1.871032
linear,4000,0,7,2.988000
linear,4000,0,4,8.193903
linear,4000,0,5,3.352514
linear,4000,0,9,0.487128
linear,4000,0,8,4.115471
linear,4000,0,2,2.373093
linear,4000,0,3,6.310578
linear,4000,0,0,1.847000
linear,4000,0,6,5.357839
linear,4000,0,1,2.537731
linear,4000,10,7,1.561000
linear,4000,10,4,1.458906
linear,4000,10,5,1.821705
linear,4000,10,9,1.834417
linear,4000,10,8,1.685421
linear,4000,10,2,1.803500
linear,4000,10,3,1.558360
linear,4000,10,0,1.798750
linear,4000,10,6,2.832792
linear,4000,10,1,1.613153
linear,4000,15,4,1.769058
linear,4000,15,2,2.798351
linear,4000,15,3,3.291396
linear,4000,15,0,7.417000
linear,4000,15,1,1.662584
linear,4000,11,7,1.941235
linear,4000,11,4,1.750875
linear,4000,11,5,1.802750
linear,4000,11,9,1.935516
linear,4000,11,8,1.746627
linear,4000,11,2,1.763809
linear,4000,11,3,1.781086
linear,4000,11,0,1.910522
linear,4000,11,6,1.769250
linear,4000,11,1,1.797301
linear,4000,12,7,1.714500
linear,4000,12,4,1.892750
linear,4000,12,5,1.798000
linear,4000,12,2,1.596202
linear,4000,12,3,1.685421
linear,4000,12,0,1.618000
linear,4000,12,6,1.705103
linear,4000,12,1,1.652163
linear,4000,16,7,1.557389
linear,4000,16,4,1.503376
linear,4000,16,5,1.721139
linear,4000,16,9,7.329750
linear,4000,16,8,6.348924
linear,4000,16,2,1.974256
linear,4000,16,3,1.582459
linear,4000,16,0,1.683500
linear,4000,16,6,5.802602
linear,4000,16,1,8.422577
linear,4000,6,7,0.632158
linear,4000,6,4,2.096500
linear,4000,6,5,1.888500
linear,4000,6,9,2.051750
linear,4000,6,8,0.704795
linear,4000,6,2,1.858000
linear,4000,6,3,3.098775
linear,4000,6,0,1.932250
linear,4000,6,6,0.713786
linear,4000,6,1,1.847500
linear,4000,1,7,1.965241
linear,4000,1,4,1.648412
linear,4000,1,5,1.950488
linear,4000,1,9,1.931767
linear,4000,1,8,1.915229
linear,4000,1,2,1.578250
linear,4000,1,3,1.610250
linear,4000,1,0,1.625250
linear,4000,1,6,1.928232
linear,4000,1,1,1.627250
linear,16000,7,7,0.664771
linear,16000,7,4,1.959563
linear,16000,7,5,0.679877
linear,16000,7,9,0.675103
linear,16000,7,8,1.752188
linear,16000,7,2,1.635687
linear,16000,7,3,0.672125
linear,16000,7,0,1.981375
linear,16000,7,6,1.831354
linear,16000,7,1,1.842000
linear,16000,14,4,1.696856
linear,16000,14,2,1.780299
linear,16000,14,3,1.789023
linear,16000,14,0,1.741516
linear,16000,14,1,1.691519
linear,16000,4,7,1.841030
linear,16000,4,4,1.841072
linear,16000,4,5,1.614976
linear,16000,4,9,1.435082
linear,16000,4,8,1.762720
linear,16000,4,2,0.689856
linear,16000,4,3,0.693308
linear,16000,4,0,0.734300
linear,16000,4,6,1.677855
linear,16000,4,1,0.825614
linear,16000,5,2,1.670083
linear,16000,5,3,1.857054
linear,16000,5,0,1.681770
linear,16000,5,1,1.841490
linear,16000,13,7,1.263234
linear,16000,13,4,0.867767
linear,16000,13,5,1.469059
linear,16000,13,9,1.776063
linear,16000,13,8,1.252016
linear,16000,13,2,1.026250
linear,16000,13,3,1.529654
linear,16000,13,0,1.132204
linear,16000,13,6,0.940195
linear,16000,13,1,1.331604
linear,16000,9,7,1.988875
linear,16000,9,4,1.985125
linear,16000,9,5,1.985188
linear,16000,9,9,1.631204
linear,16000,9,8,1.985250
linear,16000,9,2,0.667604
linear,16000,9,3,0.676147
linear,16000,9,0,0.689937
linear,16000,9,6,1.626437
linear,16000,9,1,0.671959
linear,16000,8,7,1.627687
linear,16000,8,4,1.760768
linear,16000,8,5,1.620187
linear,16000,8,9,0.682023
linear,16000,8,8,1.055816
linear,16000,8,2,1.976125
linear,16000,8,3,1.984000
linear,16000,8,0,1.977625
linear,16000,8,6,1.634983
linear,16000,8,1,0.682645
linear,16000,2,7,1.731284
linear,16000,2,4,1.718330
linear,16000,2,5,1.695269
linear,16000,2,9,1.723785
linear,16000,2,8,1.673083
linear,16000,2,2,1.690750
linear,16000,2,3,1.708526
linear,16000,2,0,1.697250
linear,16000,2,6,1.728108
linear,16000,2,1,1.706919
linear,16000,3,2,1.693231
linear,16000,3,0,1.519937
linear,16000,3,1,1.644665
linear,16000,0,4,1.991750
linear,16000,0,5,1.721802
linear,16000,0,2,1.643545
linear,16000,0,3,1.998875
linear,16000,0,0,1.874008
linear,16000,0,6,1.750312
linear,16000,0,1,1.980500
linear,16000,10,7,1.771457
linear,16000,10,4,1.761420
linear,16000,10,5,1.841990
linear,16000,10,9,1.767562
linear,16000,10,8,1.831479
linear,16000,10,2,1.776111
linear,16000,10,3,1.788898
linear,16000,10,0,1.768000
linear,16000,10,6,1.734842
linear,16000,10,1,1.773375
linear,16000,15,4,2.320375
linear,16000,15,5,1.655250
linear,16000,15,2,1.719410
linear,16000,15,3,2.323855
linear,16000,15,0,1.829511
linear,16000,15,1,1.840803
linear,16000,11,7,6.114438
linear,16000,11,4,3.837240
linear,16000,11,5,2.080057
linear,16000,11,9,4.500781
linear,16000,11,8,2.010061
linear,16000,11,2,2.565875
linear,16000,11,3,5.498781
linear,16000,11,0,3.194325
linear,16000,11,6,2.469184
linear,16000,11,1,2.804175
linear,16000,12,0,0.926130
linear,16000,12,1,1.621851
linear,16000,16,7,1.740921
linear,16000,16,4,1.714420
linear,16000,16,5,1.921255
linear,16000,16,9,1.723545
linear,16000,16,8,1.751891
linear,16000,16,2,1.846207
linear,16000,16,3,1.884173
linear,16000,16,0,1.767206
linear,16000,16,6,1.758515
linear,16000,16,1,1.856509
linear,16000,6,7,1.733437
linear,16000,6,4,1.923692
linear,16000,6,5,1.906244
linear,16000,6,9,1.758515
linear,16000,6,8,1.736158
linear,16000,6,2,1.840990
linear,16000,6,3,1.780514
linear,16000,6,0,1.872867
linear,16000,6,6,1.723989
linear,16000,6,1,1.745578
linear,16000,1,0,1.621492
linear,16000,1,1,1.506532
linear,8000,7,0,0.696375
linear,8000,14,7,1.787125
linear,8000,14,4,2.013750
linear,8000,14,5,1.984750
linear,8000,14,9,1.837500
linear,8000,14,8,1.816250
linear,8000,14,2,1.973750
linear,8000,14,3,1.970250
linear,8000,14,0,1.733500
linear,8000,14,6,1.980875
linear,8000,14,1,1.976750
linear,8000,4,7,1.927616
linear,8000,4,4,1.832750
linear,8000,4,5,1.800075
linear,8000,4,9,1.948744
linear,8000,4,8,1.857607
linear,8000,4,2,1.823625
linear,8000,4,3,1.851875
linear,8000,4,0,1.742032
linear,8000,4,6,1.807274
linear,8000,4,1,1.806427
linear,8000,5,4,1.970996
linear,8000,5,2,1.811226
linear,8000,5,3,1.759405
linear,8000,5,0,1.585354
linear,8000,5,1,1.756720
linear,8000,13,0,3.043625
linear,8000,13,1,1.719035
linear,8000,9,7,1.607625
linear,8000,9,4,1.611278
linear,8000,9,5,1.740343
linear,8000,9,9,1.723694
linear,8000,9,8,1.724716
linear,8000,9,2,1.699712
linear,8000,9,3,1.725694
linear,8000,9,0,1.749344
linear,8000,9,6,1.975256
linear,8000,9,1,1.769183
linear,8000,8,7,1.755594
linear,8000,8,4,0.675628
linear,8000,8,5,0.672875
linear,8000,8,9,0.957979
linear,8000,8,8,1.834000
linear,8000,8,2,0.651462
linear,8000,8,3,1.292140
linear,8000,8,0,1.283981
linear,8000,8,6,1.734500
linear,8000,8,1,1.722215
linear,8000,2,7,1.777958
linear,8000,2,4,1.790375
linear,8000,2,5,1.806851
linear,8000,2,9,1.811500
linear,8000,2,8,1.815227
linear,8000,2,2,1.849125
linear,8000,2,3,1.829271
linear,8000,2,0,1.876360
linear,8000,2,6,1.825081
linear,8000,2,1,1.794699
linear,8000,3,7,2.364409
linear,8000,3,4,2.386472
linear,8000,3,5,1.241000
linear,8000,3,9,0.567841
linear,8000,3,8,4.185796
linear,8000,3,2,1.599600
linear,8000,3,3,2.354206
linear,8000,3,0,1.593852
linear,8000,3,6,2.494251
linear,8000,3,1,1.611847
linear,8000,0,7,1.590852
linear,8000,0,4,2.039375
linear,8000,0,5,1.610347
linear,8000,0,9,1.608826
linear,8000,0,8,1.610597
linear,8000,0,2,2.072500
linear,8000,0,3,1.925000
linear,8000,0,0,1.914375
linear,8000,0,6,1.591523
linear,8000,0,1,1.907250
linear,8000,10,7,3.087853
linear,8000,10,4,3.029621
linear,8000,10,5,2.918500
linear,8000,10,9,2.932466
linear,8000,10,8,3.015246
linear,8000,10,2,3.300663
linear,8000,10,3,2.902375
linear,8000,10,0,1.565250
linear,8000,10,6,3.805476
linear,8000,10,1,3.244031
linear,8000,11,4,1.577572
linear,8000,11,2,1.537183
linear,8000,11,3,1.860983
linear,8000,11,0,1.568963
linear,8000,11,1,1.718285
linear,8000,12,7,1.848337
linear,8000,12,4,1.728250
linear,8000,12,5,1.826625
linear,8000,12,9,1.605099
linear,8000,12,8,1.915625
linear,8000,12,2,1.721250
linear,8000,12,3,1.813625
linear,8000,12,0,1.734691
linear,8000,12,6,1.823250
linear,8000,12,1,1.743622
linear,8000,6,7,1.922250
linear,8000,6,4,0.683625
linear,8000,6,5,0.665124
linear,8000,6,9,2.074125
linear,8000,6,8,2.048000
linear,8000,6,2,0.647963
linear,8000,6,3,0.707463
linear,8000,6,0,0.684664
linear,8000,6,6,2.072875
linear,8000,6,1,0.668626
linear,8000,1,7,1.808721
linear,8000,1,4,1.902524
linear,8000,1,5,3.907012
linear,8000,1,9,1.519440
linear,8000,1,8,1.519940
linear,8000,1,2,1.594851
linear,8000,1,3,1.476560
linear,8000,1,0,1.615702
linear,8000,1,6,1.931358
linear,8000,1,1,1.509186
loops,1000,7,7,2.640000
loops,1000,7,4,0.449102
loops,1000,7,5,6.360080
loops,1000,7,9,0.449550
loops,1000,7,8,7.334665
loops,1000,7,2,0.456000
loops,1000,7,3,0.592000
loops,1000,7,0,2.847695
loops,1000,7,6,2.731000
loops,1000,7,1,0.585757
loops,1000,4,7,1.159363
loops,1000,4,4,1.242485
loops,1000,4,5,3.239000
loops,1000,4,9,3.169811
loops,1000,4,8,1.120240
loops,1000,4,2,10.731732
loops,1000,4,3,1.210210
loops,1000,4,0,3.492000
loops,1000,4,6,4.517553
loops,1000,4,1,1.277000
loops,1000,5,4,1.276276
loops,1000,5,2,3.020958
loops,1000,5,3,1.411355
loops,1000,5,0,0.799000
loops,1000,5,1,13.333666
loops,1000,9,4,1.078000
loops,1000,9,2,11.704000
loops,1000,9,3,9.337986
loops,1000,9,0,1.242242
loops,1000,9,1,2.895000
loops,1000,8,7,5.691000
loops,1000,8,4,3.676677
loops,1000,8,5,4.044000
loops,1000,8,9,2.729459
loops,1000,8,8,4.498004
loops,1000,8,2,2.721834
loops,1000,8,3,2.917836
loops,1000,8,0,2.792169
loops,1000,8,6,3.440559
loops,1000,8,1,5.173826
loops,1000,2,7,1.142857
loops,1000,2,4,1.145000
loops,1000,2,5,1.125498
loops,1000,2,9,1.029029
loops,1000,2,8,1.215215
loops,1000,2,2,1.250250
loops,1000,2,3,1.304781
loops,1000,2,0,1.100000
loops,1000,2,6,1.207415
loops,1000,2,1,1.037111
loops,1000,3,7,2.963074
loops,1000,3,4,1.258258
loops,1000,3,5,6.253012
loops,1000,3,9,1.214214
loops,1000,3,8,2.782218
loops,1000,3,2,2.518962
loops,1000,3,3,6.725726
loops,1000,3,0,2.628231
loops,1000,3,6,7.860000
loops,1000,3,1,4.187000
loops,1000,0,7,1.048951
loops,1000,0,4,3.507984
loops,1000,0,5,13.561562
loops,1000,0,9,9.402000
loops,1000,0,8,6.796389
loops,1000,0,2,2.617149
loops,1000,0,3,1.072362
loops,1000,0,0,7.391566
loops,1000,0,6,1.069069
loops,1000,0,1,4.082917
loops,1000,10,7,0.450000
loops,1000,10,4,0.598000
loops,1000,10,5,0.596404
loops,1000,10,9,2.358358
loops,1000,10,8,1.125125
loops,1000,10,2,5.260260
loops,1000,10,3,0.593373
loops,1000,10,0,1.304609
loops,1000,10,6,0.911355
loops,1000,10,1,13.706879
loops,1000,11,7,3.372627
loops,1000,11,4,2.955045
loops,1000,11,5,3.167832
loops,1000,11,9,0.450000
loops,1000,11,8,2.912000
loops,1000,11,2,3.147000
loops,1000,11,3,3.302605
loops,1000,11,0,2.706000
loops,1000,11,6,2.694695
loops,1000,11,1,3.414000
loops,1000,12,7,0.699900
loops,1000,12,4,0.622244
loops,1000,12,5,0.643071
loops,1000,12,9,1.581419
loops,1000,12,8,1.607784
loops,1000,12,2,1.720837
loops,1000,12,3,5.621379
loops,1000,12,0,0.643071
loops,1000,12,6,0.622244
loops,1000,12,1,1.720837
loops,1000,6,7,1.579262
loops,1000,6,4,1.581000
loops,1000,6,5,1.581000
loops,1000,6,9,0.711155
loops,1000,6,8,0.849000
loops,1000,6,2,1.720837
loops,1000,6,3,1.581000
loops,1000,6,0,0.703888
loops,1000,6,6,1.720837
loops,1000,6,1,0.707171
loops,1000,1,7,1.242242
loops,1000,1,4,5.666333
loops,1000,1,5,1.064000
loops,1000,1,9,7.533000
loops,1000,1,8,1.066933
loops,1000,1,2,5.656971
loops,1000,1,3,1.062000
loops,1000,1,0,3.366733
loops,1000,1,6,9.226000
loops,1000,1,1,4.484909
loops,2000,7,4,9.311688
loops,2000,7,2,3.021489
loops,2000,7,3,0.521239
loops,2000,7,0,3.059940
loops,2000,7,1,3.394303
loops,2000,14,7,0.799100
loops,2000,14,4,0.763500
loops,2000,14,5,0.751624
loops,2000,14,9,0.678000
loops,2000,14,8,0.754623
loops,2000,14,2,0.793103
loops,2000,14,3,0.743628
loops,2000,14,0,0.751500
loops,2000,14,6,0.789105
loops,2000,14,1,0.680681
loops,2000,4,7,3.174825
loops,2000,4,4,2.888444
loops,2000,4,5,1.666167
loops,2000,4,9,2.079540
loops,2000,4,8,1.667834
loops,2000,4,2,1.597097
loops,2000,4,3,7.307615
loops,2000,4,0,1.668168
loops,2000,4,6,1.595202
loops,2000,4,1,7.874688
loops,2000,5,7,11.004998
loops,2000,5,4,0.743628
loops,2000,5,5,0.678000
loops,2000,5,9,0.748126
loops,2000,5,8,7.236118
loops,2000,5,2,2.539039
loops,2000,5,3,0.449500
loops,2000,5,0,3.448448
loops,2000,5,6,3.519720
loops,2000,5,1,3.269500
loops,2000,13,2,2.126563
loops,2000,13,0,6.249875
loops,2000,13,1,5.764882
loops,2000,9,7,1.128128
loops,2000,9,4,2.903548
loops,2000,9,5,3.463964
loops,2000,9,9,3.105053
loops,2000,9,8,0.452096
loops,2000,9,2,1.196294
loops,2000,9,3,4.141571
loops,2000,9,0,1.165583
loops,2000,9,6,1.184777
loops,2000,9,1,0.965052
loops,2000,8,7,1.668168
loops,2000,8,4,0.686000
loops,2000,8,5,0.754623
loops,2000,8,9,0.799100
loops,2000,8,8,0.748126
loops,2000,8,2,0.788106
loops,2000,8,3,0.746000
loops,2000,8,0,0.746000
loops,2000,8,6,0.793603
loops,2000,8,1,1.665335
loops,2000,2,7,3.723362
loops,2000,2,4,1.067466
loops,2000,2,5,1.083500
loops,2000,2,9,1.078579
loops,2000,2,8,7.961000
loops,2000,2,2,1.083500
loops,2000,2,3,1.006510
loops,2000,2,0,1.067466
loops,2000,2,6,1.110445
loops,2000,2,1,2.765883
loops,2000,3,7,2.957500
loops,2000,3,4,2.929930
loops,2000,3,5,2.954046
loops,2000,3,9,1.077461
loops,2000,3,8,2.852926
loops,2000,3,2,1.076500
loops,2000,3,3,3.577711
loops,2000,3,0,8.947000
loops,2000,3,6,3.160260
loops,2000,3,1,5.545773
loops,2000,0,4,0.523738
loops,2000,0,5,11.185907
loops,2000,0,2,8.045409
loops,2000,0,3,1.031500
loops,2000,0,0,7.204000
loops,2000,0,1,3.093547
loops,2000,10,0,0.754623
loops,2000,11,2,3.528764
loops,2000,11,3,2.359141
loops,2000,11,0,6.253120
loops,2000,11,1,3.767732
loops,2000,12,7,0.765500
loops,2000,12,4,3.826500
loops,2000,12,5,5.533000
loops,2000,12,9,0.787106
loops,2000,12,8,0.754623
loops,2000,12,2,3.714286
loops,2000,12,3,3.399599
loops,2000,12,0,10.694153
loops,2000,12,6,0.751624
loops,2000,12,1,0.744000
loops,2000,6,7,0.510245
loops,2000,6,4,3.521479
loops,2000,6,5,1.435282
loops,2000,6,9,0.688000
loops,2000,6,8,0.746000
loops,2000,6,2,3.449275
loops,2000,6,3,0.788606
loops,2000,6,0,7.223112
loops,2000,6,6,0.519279
loops,2000,6,1,3.260260
loops,2000,1,7,1.159239
loops,2000,1,4,1.263237
loops,2000,1,5,1.126627
loops,2000,1,9,3.540730
loops,2000,1,8,1.594406
loops,2000,1,2,1.206309
loops,2000,1,3,1.295443
loops,2000,1,0,1.667834
loops,2000,1,6,1.232349
loops,2000,1,1,1.668168
loops,32000,7,2,3.043122
loops,32000,7,0,2.324531
loops,32000,7,1,1.895931
loops,32000,5,0,1.542159
loops,32000,13,2,0.514594
loops,32000,13,3,0.514405
loops,32000,13,0,0.520579
loops,32000,13,1,0.528142
loops,32000,9,2,0.513734
loops,32000,9,3,0.523487
loops,32000,9,0,0.530934
loops,32000,9,1,0.523580
loops,32000,22,0,3.722870
loops,32000,8,0,1.191830
loops,32000,2,0,1.176125
loops,32000,3,0,0.527061
loops,32000,0,0,1.020877
loops,32000,0,1,1.018282
loops,32000,23,0,0.524951
loops,32000,17,0,4.694144
loops,32000,11,0,2.685437
loops,32000,18,0,0.515079
loops,32000,18,1,0.533077
loops,32000,16,0,1.023747
loops,32000,16,1,1.043063
loops,32000,6,0,0.517830
loops,32000,1,0,1.389281
loops,4000,7,7,11.593750
loops,4000,7,4,2.195848
loops,4000,7,5,1.092680
loops,4000,7,9,0.716000
loops,4000,7,8,4.438500
loops,4000,7,2,1.207396
loops,4000,7,3,1.245627
loops,4000,7,0,7.779000
loops,4000,7,6,1.096346
loops,4000,7,1,3.140500
loops,4000,14,7,0.718930
loops,4000,14,4,0.768290
loops,4000,14,5,0.751062
loops,4000,14,9,0.717179
loops,4000,14,8,0.714036
loops,4000,14,2,0.768174
loops,4000,14,3,0.748313
loops,4000,14,0,0.759190
loops,4000,14,6,0.714250
loops,4000,14,1,0.751936
loops,4000,4,0,1.213910
loops,4000,4,1,0.767250
loops,4000,5,7,0.769058
loops,4000,5,4,0.740944
loops,4000,5,5,0.769192
loops,4000,5,9,0.739435
loops,4000,5,8,0.748185
loops,4000,5,2,0.748124
loops,4000,5,3,0.751940
loops,4000,5,0,0.711606
loops,4000,5,6,0.746877
loops,4000,5,1,0.752812
loops,4000,13,0,7.444889
loops,4000,9,7,1.093227
loops,4000,9,4,0.770500
loops,4000,9,5,0.754500
loops,4000,9,9,1.162041
loops,4000,9,8,1.212197
loops,4000,9,2,4.772000
loops,4000,9,3,10.756622
loops,4000,9,0,1.092342
loops,4000,9,6,0.731384
loops,4000,9,1,5.659665
loops,4000,8,7,0.751562
loops,4000,8,4,1.124719
loops,4000,8,5,2.942500
loops,4000,8,2,0.751500
loops,4000,8,3,0.752188
loops,4000,8,0,0.748813
loops,4000,8,6,0.750062
loops,4000,8,1,0.752126
loops,4000,2,7,0.776168
loops,4000,2,4,0.768250
loops,4000,2,5,0.748688
loops,4000,2,9,0.775306
loops,4000,2,8,0.768558
loops,4000,2,2,0.784858
loops,4000,2,3,0.714929
loops,4000,2,0,0.710428
loops,4000,2,6,0.719930
loops,4000,2,1,0.752000
loops,4000,3,2,0.743372
loops,4000,3,3,0.746440
loops,4000,3,0,1.206603
loops,4000,3,1,1.118191
loops,4000,0,0,3.338750
loops,4000,0,1,2.873687
loops,4000,20,4,0.752312
loops,4000,20,5,7.316250
loops,4000,20,2,0.710145
loops,4000,20,3,0.774887
loops,4000,20,0,0.746816
loops,4000,20,6,2.411339
loops,4000,20,1,0.748439
loops,4000,10,7,0.714750
loops,4000,10,4,1.167292
loops,4000,10,5,1.105395
loops,4000,10,9,0.734066
loops,4000,10,8,0.769500
loops,4000,10,2,0.771807
loops,4000,10,3,0.733000
loops,4000,10,0,1.204648
loops,4000,10,6,1.936797
loops,4000,10,1,1.209407
loops,4000,19,7,0.750062
loops,4000,19,4,0.748874
loops,4000,19,5,0.755500
loops,4000,19,8,0.784804
loops,4000,19,2,0.764824
loops,4000,19,3,0.774806
loops,4000,19,0,0.731317
loops,4000,19,6,0.746937
loops,4000,19,1,0.713607
loops,4000,17,7,4.491500
loops,4000,17,4,1.115558
loops,4000,17,5,1.116663
loops,4000,17,9,0.716287
loops,4000,17,8,2.854823
loops,4000,17,2,1.056542
loops,4000,17,3,1.275819
loops,4000,17,0,1.133600
loops,4000,17,6,8.205801
loops,4000,17,1,1.115692
loops,4000,15,7,0.772636
loops,4000,15,4,1.879750
loops,4000,15,5,0.771386
loops,4000,15,9,2.685500
loops,4000,15,8,1.123781
loops,4000,15,2,3.472118
loops,4000,15,3,4.803750
loops,4000,15,0,1.104172
loops,4000,15,6,0.753003
loops,4000,15,1,1.923250
loops,4000,11,2,1.638660
loops,4000,11,3,5.754000
loops,4000,11,0,8.311688
loops,4000,11,1,0.736987
loops,4000,18,7,0.751436
loops,4000,18,4,1.632566
loops,4000,18,5,0.716929
loops,4000,18,9,0.771500
loops,4000,18,8,2.552612
loops,4000,18,2,1.422778
loops,4000,18,3,1.631092
loops,4000,18,0,1.659505
loops,4000,18,6,1.666500
loops,4000,18,1,1.666583
loops,4000,12,0,0.786143
loops,4000,16,4,5.853287
loops,4000,16,5,0.779390
loops,4000,16,2,2.008498
loops,4000,16,3,3.770750
loops,4000,16,0,2.830250
loops,4000,16,6,0.714357
loops,4000,16,1,1.093227
loops,4000,6,7,0.480000
loops,4000,6,4,0.768058
loops,4000,6,5,1.109082
loops,4000,6,9,1.104250
loops,4000,6,8,1.092342
loops,4000,6,2,0.485250
loops,4000,6,3,0.746190
loops,4000,6,0,7.637659
loops,4000,6,6,1.232424
loops,4000,6,1,3.152288
loops,4000,1,4,1.632566
loops,4000,1,5,4.586500
loops,4000,1,2,7.344250
loops,4000,1,3,3.358321
loops,4000,1,0,1.152500
loops,4000,1,6,1.631500
loops,4000,1,1,6.264448
loops,16000,7,2,3.089244
loops,16000,7,0,4.613403
loops,16000,7,1,4.392788
loops,16000,4,2,1.369312
loops,16000,4,0,1.158095
loops,16000,4,1,1.169677
loops,16000,5,7,5.095568
loops,16000,5,4,2.807089
loops,16000,5,5,2.487595
loops,16000,5,9,1.762235
loops,16000,5,8,6.112493
loops,16000,5,2,2.733221
loops,16000,5,3,3.808839
loops,16000,5,0,3.122165
loops,16000,5,6,2.071451
loops,16000,5,1,2.027561
loops,16000,2,7,1.078375
loops,16000,2,4,1.051125
loops,16000,2,5,1.078058
loops,16000,2,8,1.102812
loops,16000,2,2,1.100819
loops,16000,2,3,1.050059
loops,16000,2,0,1.070567
loops,16000,2,6,1.115680
loops,16000,2,1,1.118040
loops,16000,3,0,1.390524
loops,16000,3,1,1.675292
loops,16000,0,0,2.455188
loops,16000,0,1,1.293117
loops,16000,6,7,0.557577
loops,16000,6,4,0.571652
loops,16000,6,5,0.561688
loops,16000,6,8,0.560215
loops,16000,6,2,0.564516
loops,16000,6,3,0.562965
loops,16000,6,0,0.581552
loops,16000,6,6,0.558452
loops,16000,6,1,0.563203
loops,16000,1,7,0.571705
loops,16000,1,4,0.553410
loops,16000,1,5,0.561355
loops,16000,1,9,0.551709
loops,16000,1,8,0.556833
loops,16000,1,2,0.561090
loops,16000,1,3,0.557493
loops,16000,1,0,0.565696
loops,16000,1,6,0.548944
loops,16000,1,1,0.556820
loops,8000,7,0,3.106250
loops,8000,4,7,2.434696
loops,8000,4,4,2.945875
loops,8000,4,5,2.628921
loops,8000,4,9,3.045148
loops,8000,4,8,2.797625
loops,8000,4,2,3.408778
loops,8000,4,3,2.932125
loops,8000,4,0,3.185454
loops,8000,4,6,3.016871
loops,8000,4,1,3.646963
loops,8000,5,0,1.526434
loops,8000,5,1,5.123062
loops,8000,9,2,1.649581
loops,8000,9,3,1.646044
loops,8000,9,0,1.632033
loops,8000,9,1,1.653082
loops,8000,8,7,1.185023
loops,8000,8,4,1.116544
loops,8000,8,5,1.157375
loops,8000,8,9,1.178647
loops,8000,8,8,1.135000
loops,8000,8,2,1.153000
loops,8000,8,3,1.234500
loops,8000,8,0,1.179522
loops,8000,8,6,1.243125
loops,8000,8,1,1.174522
loops,8000,2,4,1.117169
loops,8000,2,2,1.115264
loops,8000,2,3,1.121015
loops,8000,2,0,1.134750
loops,8000,2,1,1.115875
loops,8000,3,7,0.654539
loops,8000,3,4,0.658128
loops,8000,3,5,0.654005
loops,8000,3,9,0.629407
loops,8000,3,8,0.655914
loops,8000,3,2,0.637841
loops,8000,3,3,0.640760
loops,8000,3,0,0.655375
loops,8000,3,6,0.640660
loops,8000,3,1,0.657503
loops,8000,0,0,1.094899
loops,8000,10,4,5.138875
loops,8000,10,5,4.640875
loops,8000,10,2,4.950512
loops,8000,10,3,5.074394
loops,8000,10,0,7.636682
loops,8000,10,1,7.191625
loops,8000,11,0,6.295824
loops,8000,11,1,3.346168
loops,8000,12,7,0.658915
loops,8000,12,4,0.666417
loops,8000,12,5,0.642759
loops,8000,12,9,0.635579
loops,8000,12,8,0.661333
loops,8000,12,2,0.634921
loops,8000,12,3,0.660252
loops,8000,12,0,0.660290
loops,8000,12,6,0.644875
loops,8000,12,1,0.643036
loops,8000,6,7,0.674622
loops,8000,6,4,0.631250
loops,8000,6,5,0.657254
loops,8000,6,9,0.660835
loops,8000,6,8,0.657664
loops,8000,6,2,0.657286
loops,8000,6,3,0.648280
loops,8000,6,0,0.646625
loops,8000,6,6,0.656957
loops,8000,6,1,0.654668
loops,8000,1,0,1.151807
loops,8000,1,1,1.323456
nnet,1000,7,7,16.572000
nnet,1000,7,4,18.009027
nnet,1000,7,5,5.072000
nnet,1000,7,9,10.511000
nnet,1000,7,8,5.969970
nnet,1000,7,2,15.305694
nnet,1000,7,3,4.620240
nnet,1000,7,0,11.659000
nnet,1000,7,6,7.549900
nnet,1000,7,1,13.103689
nnet,1000,4,7,3.063872
nnet,1000,4,4,2.739261
nnet,1000,4,5,3.017964
nnet,1000,4,9,3.917753
nnet,1000,4,8,2.878636
nnet,1000,4,2,3.462926
nnet,1000,4,3,3.153000
nnet,1000,4,0,4.259519
nnet,1000,4,6,2.727817
nnet,1000,4,1,3.047714
nnet,1000,5,2,12.844000
nnet,1000,5,3,12.872000
nnet,1000,5,0,12.872000
nnet,1000,5,1,12.892000
nnet,1000,2,7,0.450803
nnet,1000,2,4,0.451354
nnet,1000,2,5,0.622869
nnet,1000,2,9,0.451807
nnet,1000,2,8,0.450100
nnet,1000,2,2,0.448000
nnet,1000,2,3,0.592369
nnet,1000,2,0,0.450803
nnet,1000,2,6,0.450351
nnet,1000,2,1,0.450000
nnet,1000,3,7,1.548000
nnet,1000,3,4,1.411000
nnet,1000,3,5,1.537463
nnet,1000,3,2,1.537000
nnet,1000,3,3,1.540460
nnet,1000,3,0,1.535536
nnet,1000,3,6,1.437562
nnet,1000,3,1,1.417000
nnet,1000,0,7,2.876124
nnet,1000,0,4,2.812813
nnet,1000,0,5,2.393606
nnet,1000,0,9,4.624376
nnet,1000,0,8,2.738739
nnet,1000,0,2,2.846000
nnet,1000,0,3,2.837163
nnet,1000,0,0,3.687313
nnet,1000,0,6,2.769000
nnet,1000,0,1,2.752988
nnet,1000,6,7,1.018962
nnet,1000,6,4,0.711712
nnet,1000,6,5,0.611167
nnet,1000,6,9,1.060120
nnet,1000,6,8,0.859719
nnet,1000,6,2,0.762287
nnet,1000,6,3,0.866600
nnet,1000,6,0,0.617000
nnet,1000,6,6,0.860279
nnet,1000,6,1,0.724000
nnet,1000,1,7,3.548096
nnet,1000,1,4,2.749000
nnet,1000,1,5,3.196196
nnet,1000,1,9,6.034930
nnet,1000,1,8,2.553000
nnet,1000,1,2,3.363000
nnet,1000,1,3,3.241000
nnet,1000,1,0,2.945946
nnet,1000,1,6,2.710000
nnet,1000,1,1,3.177822
nnet,2000,7,7,10.402597
nnet,2000,7,4,10.919419
nnet,2000,7,5,8.338500
nnet,2000,7,9,4.899151
nnet,2000,7,8,8.343844
nnet,2000,7,2,9.695652
nnet,2000,7,3,8.536000
nnet,2000,7,0,10.075113
nnet,2000,7,6,6.452821
nnet,2000,7,1,8.834000
nnet,2000,4,7,3.278361
nnet,2000,4,4,3.391391
nnet,2000,4,5,3.807500
nnet,2000,4,9,2.865500
nnet,2000,4,8,3.494505
nnet,2000,4,2,2.387306
nnet,2000,4,3,3.876062
nnet,2000,4,0,3.445500
nnet,2000,4,6,3.506753
nnet,2000,4,1,3.705000
nnet,2000,5,4,3.298202
nnet,2000,5,2,2.862500
nnet,2000,5,3,3.268500
nnet,2000,5,0,2.754000
nnet,2000,5,1,2.848000
nnet,2000,2,2,12.883000
nnet,2000,2,0,11.000000
nnet,2000,2,1,16.541500
nnet,2000,3,7,0.449500
nnet,2000,3,4,0.450000
nnet,2000,3,5,0.449500
nnet,2000,3,9,0.453180
nnet,2000,3,8,0.453180
nnet,2000,3,2,0.524214
nnet,2000,3,3,0.520480
nnet,2000,3,0,0.525974
nnet,2000,3,6,0.449000
nnet,2000,3,1,0.539690
nnet,2000,0,7,0.789184
nnet,2000,0,4,0.731366
nnet,2000,0,5,0.810595
nnet,2000,0,9,0.880060
nnet,2000,0,8,0.901099
nnet,2000,0,2,0.933967
nnet,2000,0,3,0.786893
nnet,2000,0,0,0.787712
nnet,2000,0,6,0.727908
nnet,2000,0,1,0.810595
nnet,2000,6,2,1.355500
nnet,2000,6,3,1.391218
nnet,2000,6,0,1.416292
nnet,2000,6,1,1.423788
nnet,2000,1,4,9.460270
nnet,2000,1,2,3.038038
nnet,2000,1,3,2.711644
nnet,2000,1,0,2.980000
nnet,2000,1,1,3.368684
nnet,32000,4,0,0.891962
nnet,32000,5,0,2.203325
nnet,32000,9,0,5.061783
nnet,32000,8,0,2.115177
nnet,32000,2,0,3.049906
nnet,32000,3,0,1.921911
nnet,32000,0,0,2.684990
nnet,32000,6,0,4.714862
nnet,32000,1,0,3.475156
nnet,4000,7,7,2.859570
nnet,4000,7,4,3.257064
nnet,4000,7,5,3.435968
nnet,4000,7,9,2.521370
nnet,4000,7,8,3.137750
nnet,4000,7,2,3.016763
nnet,4000,7,3,2.939000
nnet,4000,7,0,3.637159
nnet,4000,7,6,2.596798
nnet,4000,7,1,3.195603
nnet,4000,4,4,1.678920
nnet,4000,4,5,1.684592
nnet,4000,4,2,0.450750
nnet,4000,4,3,0.494250
nnet,4000,4,0,0.489255
nnet,4000,4,1,0.489250
nnet,4000,5,0,3.318250
nnet,4000,5,1,2.845000
nnet,4000,2,0,9.819250
nnet,4000,3,2,0.923250
nnet,4000,3,3,6.217359
nnet,4000,3,0,2.128500
nnet,4000,3,1,0.938250
nnet,4000,0,4,0.881191
nnet,4000,0,5,0.830165
nnet,4000,0,2,0.795750
nnet,4000,0,3,0.865784
nnet,4000,0,0,0.770750
nnet,4000,0,6,1.387541
nnet,4000,0,1,0.764250
nnet,4000,6,7,5.612597
nnet,4000,6,4,6.175632
nnet,4000,6,5,3.145854
nnet,4000,6,9,7.482871
nnet,4000,6,8,4.880780
nnet,4000,6,2,10.665666
nnet,4000,6,3,8.352102
nnet,4000,6,0,8.911956
nnet,4000,6,6,7.450000
nnet,4000,6,1,8.484515
nnet,4000,1,2,12.212500
nnet,4000,1,0,3.187203
nnet,4000,1,1,2.813500
nnet,16000,0,0,0.758420
nnet,16000,0,1,1.068808
nnet,16000,1,7,2.089500
nnet,16000,1,4,2.440653
nnet,16000,1,5,2.590236
nnet,16000,1,9,6.126680
nnet,16000,1,8,2.023494
nnet,16000,1,2,3.108201
nnet,16000,1,3,3.853706
nnet,16000,1,0,3.427375
nnet,16000,1,6,2.481845
nnet,16000,1,1,4.471063
nnet,8000,4,0,4.389174
nnet,8000,4,1,7.578000
nnet,8000,5,4,4.581323
nnet,8000,5,5,5.139052
nnet,8000,5,2,5.791500
nnet,8000,5,3,5.129718
nnet,8000,5,0,7.721430
nnet,8000,5,1,7.706147
nnet,8000,2,0,3.078510
nnet,8000,3,0,6.413125
nnet,8000,0,4,1.021250
nnet,8000,0,2,1.298287
nnet,8000,0,3,0.905214
nnet,8000,0,0,0.694500
nnet,8000,0,1,1.290302
nnet,8000,6,2,0.806548
nnet,8000,6,0,0.821750
nnet,8000,6,1,0.834396
nnet,8000,1,7,2.396401
nnet,8000,1,4,2.974875
nnet,8000,1,5,2.568250
nnet,8000,1,9,2.630421
nnet,8000,1,8,2.837000
nnet,8000,1,2,2.902726
nnet,8000,1,3,2.623000
nnet,8000,1,0,3.005251
nnet,8000,1,6,2.910147
nnet,8000,1,1,2.750812
parser,1000,7,7,3.135864
parser,1000,7,4,12.485000
parser,1000,7,5,4.374498
parser,1000,7,9,2.550000
parser,1000,7,8,3.336336
parser,1000,7,2,3.621000
parser,1000,7,3,3.256487
parser,1000,7,0,5.030030
parser,1000,7,6,4.358000
parser,1000,7,1,9.923000
parser,1000,4,7,1.202608
parser,1000,4,4,1.177177
parser,1000,4,5,12.485000
parser,1000,4,9,1.177533
parser,1000,4,8,12.470000
parser,1000,4,2,1.205205
parser,1000,4,3,1.172655
parser,1000,4,0,3.915832
parser,1000,4,6,1.195195
parser,1000,4,1,1.175175
parser,1000,5,7,0.736948
parser,1000,5,4,3.815369
parser,1000,5,5,3.377622
parser,1000,5,9,1.047904
parser,1000,5,8,2.670659
parser,1000,5,2,3.044132
parser,1000,5,3,2.848546
parser,1000,5,0,2.586070
parser,1000,5,6,12.347956
parser,1000,5,1,2.885000
parser,1000,9,7,1.175175
parser,1000,9,4,1.175175
parser,1000,9,5,1.049049
parser,1000,9,9,12.481481
parser,1000,9,8,1.044910
parser,1000,9,2,2.794589
parser,1000,9,3,1.219439
parser,1000,9,0,10.053159
parser,1000,9,6,1.177533
parser,1000,9,1,3.763581
parser,1000,8,2,12.485000
parser,1000,8,0,8.695000
parser,1000,8,1,13.275275
parser,1000,2,7,1.367367
parser,1000,2,4,1.180639
parser,1000,2,5,1.177533
parser,1000,2,9,1.204000
parser,1000,2,8,1.174000
parser,1000,2,2,0.844311
parser,1000,2,3,3.700897
parser,1000,2,0,3.133866
parser,1000,2,6,1.362275
parser,1000,2,1,8.249499
parser,1000,3,7,1.174000
parser,1000,3,4,1.204000
parser,1000,3,5,1.172655
parser,1000,3,9,1.177533
parser,1000,3,8,1.204409
parser,1000,3,2,1.047904
parser,1000,3,3,1.206413
parser,1000,3,0,1.200599
parser,1000,3,6,1.211000
parser,1000,3,1,1.135729
parser,1000,0,7,1.211000
parser,1000,0,4,1.195609
parser,1000,0,5,1.177533
parser,1000,0,9,1.193613
parser,1000,0,8,1.197593
parser,1000,0,2,1.171486
parser,1000,0,3,1.201396
parser,1000,0,0,1.207623
parser,1000,0,6,1.201396
parser,1000,0,1,1.229229
parser,1000,10,4,5.597403
parser,1000,10,5,8.819181
parser,1000,10,2,5.050847
parser,1000,10,3,3.855145
parser,1000,10,0,3.950951
parser,1000,10,1,3.146560
parser,1000,11,7,10.017964
parser,1000,11,4,12.629259
parser,1000,11,5,9.939000
parser,1000,11,9,4.496000
parser,1000,11,8,14.093000
parser,1000,11,2,10.045000
parser,1000,11,3,10.060181
parser,1000,11,0,13.412826
parser,1000,11,6,12.623246
parser,1000,11,1,9.187000
parser,1000,12,7,9.887000
parser,1000,12,4,11.787000
parser,1000,12,5,2.733267
parser,1000,12,9,3.621000
parser,1000,12,8,12.485000
parser,1000,12,2,4.358000
parser,1000,12,3,9.914086
parser,1000,12,0,12.512513
parser,1000,12,6,11.616766
parser,1000,12,1,6.992008
parser,1000,6,7,1.207623
parser,1000,6,4,10.037074
parser,1000,6,5,1.175175
parser,1000,6,9,1.177533
parser,1000,6,8,9.927783
parser,1000,6,2,12.470000
parser,1000,6,3,4.494024
parser,1000,6,0,1.175175
parser,1000,6,6,1.237525
parser,1000,6,1,1.175175
parser,1000,1,7,1.177533
parser,1000,1,4,3.356643
parser,1000,1,5,3.739261
parser,1000,1,9,1.226547
parser,1000,1,8,1.229229
parser,1000,1,2,1.957916
parser,1000,1,3,1.809000
parser,1000,1,0,1.443556
parser,1000,1,6,1.353938
parser,1000,1,1,5.712713
parser,2000,7,7,1.883383
parser,2000,7,4,2.560280
parser,2000,7,5,7.855355
parser,2000,7,9,1.203297
parser,2000,7,8,1.203297
parser,2000,7,2,7.769231
parser,2000,7,3,6.314685
parser,2000,7,0,3.111556
parser,2000,7,6,3.449725
parser,2000,7,1,10.238881
parser,2000,14,0,7.614885
parser,2000,4,7,1.285500
parser,2000,4,4,3.372500
parser,2000,4,5,9.050450
parser,2000,4,9,1.197901
parser,2000,4,8,1.202899
parser,2000,4,2,12.383500
parser,2000,4,3,5.504752
parser,2000,4,0,7.576923
parser,2000,4,6,1.973974
parser,2000,4,1,7.323662
parser,2000,5,7,1.201500
parser,2000,5,4,1.200600
parser,2000,5,5,1.174500
parser,2000,5,9,1.173327
parser,2000,5,8,1.169500
parser,2000,5,2,2.137363
parser,2000,5,3,4.033983
parser,2000,5,0,2.413293
parser,2000,5,6,1.189500
parser,2000,5,1,2.749501
parser,2000,13,7,1.226434
parser,2000,13,4,3.929465
parser,2000,13,5,6.703000
parser,2000,13,9,4.083375
parser,2000,13,8,1.173327
parser,2000,13,2,12.615000
parser,2000,13,3,6.964036
parser,2000,13,0,8.143500
parser,2000,13,6,1.200500
parser,2000,13,1,2.804902
parser,2000,9,7,0.864000
parser,2000,9,4,3.206500
parser,2000,9,5,0.744617
parser,2000,9,9,1.188500
parser,2000,9,8,2.300500
parser,2000,9,2,3.446500
parser,2000,9,3,3.547000
parser,2000,9,0,3.370815
parser,2000,9,6,1.085372
parser,2000,9,1,3.949950
parser,2000,8,7,4.112112
parser,2000,8,4,7.513487
parser,2000,8,5,1.204500
parser,2000,8,9,3.498002
parser,2000,8,8,4.136432
parser,2000,8,2,1.202303
parser,2000,8,3,1.190500
parser,2000,8,0,1.203297
parser,2000,8,6,7.669335
parser,2000,8,1,1.173913
parser,2000,2,7,8.371000
parser,2000,2,4,3.296352
parser,2000,2,5,14.211894
parser,2000,2,9,1.203898
parser,2000,2,8,1.174500
parser,2000,2,2,2.972514
parser,2000,2,3,6.498249
parser,2000,2,0,7.651848
parser,2000,2,6,0.802796
parser,2000,2,1,10.799400
parser,2000,3,7,1.292500
parser,2000,3,4,1.169500
parser,2000,3,5,1.173327
parser,2000,3,9,1.199500
parser,2000,3,8,1.124376
parser,2000,3,2,1.204500
parser,2000,3,3,1.218500
parser,2000,3,0,1.173913
parser,2000,3,6,1.199500
parser,2000,3,1,1.173913
parser,2000,0,7,1.201500
parser,2000,0,4,1.184500
parser,2000,0,5,1.199500
parser,2000,0,9,1.203297
parser,2000,0,8,1.174500
parser,2000,0,2,1.204500
parser,2000,0,3,1.266000
parser,2000,0,0,1.203297
parser,2000,0,6,1.189500
parser,2000,0,1,1.174500
parser,2000,10,7,3.183908
parser,2000,10,4,6.087369
parser,2000,10,5,2.449725
parser,2000,10,8,4.069396
parser,2000,10,2,4.251251
parser,2000,10,3,7.935435
parser,2000,10,0,4.398402
parser,2000,10,6,5.344672
parser,2000,10,1,8.466500
parser,2000,15,2,4.083375
parser,2000,15,0,4.048427
parser,2000,15,1,4.145646
parser,2000,11,7,10.527764
parser,2000,11,4,1.203297
parser,2000,11,5,7.492016
parser,2000,11,9,1.173913
parser,2000,11,8,9.903548
parser,2000,11,2,1.188500
parser,2000,11,3,4.184777
parser,2000,11,0,1.203297
parser,2000,11,6,1.156578
parser,2000,11,1,1.265367
parser,2000,12,7,1.202303
parser,2000,12,4,7.509755
parser,2000,12,5,4.183183
parser,2000,12,9,1.139500
parser,2000,12,8,1.173327
parser,2000,12,2,7.569361
parser,2000,12,3,4.166500
parser,2000,12,0,10.165252
parser,2000,12,6,3.930965
parser,2000,12,1,4.314472
parser,2000,6,7,3.249000
parser,2000,6,4,7.503248
parser,2000,6,5,7.595596
parser,2000,6,9,4.205603
parser,2000,6,8,4.026487
parser,2000,6,2,4.171243
parser,2000,6,3,4.162243
parser,2000,6,0,4.184092
parser,2000,6,6,4.156843
parser,2000,6,1,4.046477
parser,2000,1,7,1.203898
parser,2000,1,4,1.199500
parser,2000,1,5,1.187594
parser,2000,1,9,1.190285
parser,2000,1,8,1.203297
parser,2000,1,2,1.204500
parser,2000,1,3,1.203898
parser,2000,1,0,1.200600
parser,2000,1,6,1.174500
parser,2000,1,1,4.290145
parser,32000,4,7,1.629375
parser,32000,4,4,1.631395
parser,32000,4,5,1.626176
parser,32000,4,9,1.625184
parser,32000,4,8,1.630750
parser,32000,4,2,1.620824
parser,32000,4,3,1.621293
parser,32000,4,0,1.617269
parser,32000,4,6,1.628551
parser,32000,4,1,1.620641
parser,32000,5,7,1.510172
parser,32000,5,4,1.349272
parser,32000,5,5,1.348950
parser,32000,5,9,1.348499
parser,32000,5,8,1.517796
parser,32000,5,2,1.352250
parser,32000,5,3,1.349083
parser,32000,5,0,1.516641
parser,32000,5,6,1.500969
parser,32000,5,1,1.516048
parser,32000,2,4,3.628387
parser,32000,2,5,2.656928
parser,32000,2,2,1.912463
parser,32000,2,3,4.690531
parser,32000,2,0,2.386457
parser,32000,2,1,3.031191
parser,32000,3,2,0.617851
parser,32000,3,3,0.533515
parser,32000,3,0,0.609719
parser,32000,3,1,0.885847
parser,32000,0,7,1.221663
parser,32000,0,4,1.222476
parser,32000,0,5,1.222351
parser,32000,0,9,1.221101
parser,32000,0,8,1.223226
parser,32000,0,2,1.222149
parser,32000,0,3,1.221837
parser,32000,0,0,1.222476
parser,32000,0,6,1.219101
parser,32000,0,1,1.220629
parser,32000,1,7,0.741882
parser,32000,1,4,1.052906
parser,32000,1,5,1.050341
parser,32000,1,9,0.935838
parser,32000,1,8,1.060563
parser,32000,1,2,1.150322
parser,32000,1,3,1.012844
parser,32000,1,0,0.772045
parser,32000,1,6,1.053123
parser,32000,1,1,0.758211
parser,4000,7,2,0.665500
parser,4000,7,3,1.274819
parser,4000,7,0,2.933217
parser,4000,7,1,3.339165
parser,4000,4,7,1.208396
parser,4000,4,4,1.196701
parser,4000,4,5,1.204403
parser,4000,4,9,1.203297
parser,4000,4,8,1.208396
parser,4000,4,2,1.195804
parser,4000,4,3,1.202301
parser,4000,4,0,1.187703
parser,4000,4,6,1.203403
parser,4000,4,1,1.196701
parser,4000,5,7,1.450775
parser,4000,5,4,2.682500
parser,4000,5,5,2.320910
parser,4000,5,9,0.826543
parser,4000,5,8,4.026533
parser,4000,5,2,2.048000
parser,4000,5,3,4.015754
parser,4000,5,0,1.030758
parser,4000,5,6,3.393848
parser,4000,5,1,1.673077
parser,4000,2,7,1.210908
parser,4000,2,4,1.206905
parser,4000,2,5,1.210460
parser,4000,2,9,1.179205
parser,4000,2,8,1.201700
parser,4000,2,2,1.201399
parser,4000,2,3,1.200900
parser,4000,2,0,1.196701
parser,4000,2,6,1.175824
parser,4000,2,1,1.203297
parser,4000,3,7,2.609098
parser,4000,3,4,3.010755
parser,4000,3,5,2.731500
parser,4000,3,9,2.975250
parser,4000,3,8,3.226500
parser,4000,3,2,3.860105
parser,4000,3,3,2.952274
parser,4000,3,0,3.635750
parser,4000,3,6,3.432358
parser,4000,3,1,2.580145
parser,4000,0,7,4.418791
parser,4000,0,4,4.370435
parser,4000,0,5,4.434467
parser,4000,0,9,4.452887
parser,4000,0,8,4.404000
parser,4000,0,2,4.464018
parser,4000,0,3,4.354516
parser,4000,0,0,4.432466
parser,4000,0,6,4.424288
parser,4000,0,1,4.467367
parser,4000,6,7,5.367025
parser,4000,6,4,3.489005
parser,4000,6,5,4.715250
parser,4000,6,9,7.439439
parser,4000,6,8,7.217500
parser,4000,6,2,8.476523
parser,4000,6,3,6.218000
parser,4000,6,0,7.975744
parser,4000,6,6,2.032992
parser,4000,6,1,3.170165
parser,4000,1,7,3.380845
parser,4000,1,4,3.338254
parser,4000,1,5,3.335916
parser,4000,1,9,2.258435
parser,4000,1,8,3.418105
parser,4000,1,2,3.401850
parser,4000,1,3,3.401750
parser,4000,1,0,3.410603
parser,4000,1,6,3.388597
parser,4000,1,1,3.416312
parser,16000,4,7,2.010935
parser,16000,4,4,2.025122
parser,16000,4,5,2.008126
parser,16000,4,9,2.021187
parser,16000,4,8,1.810699
parser,16000,4,2,2.024313
parser,16000,4,3,2.019875
parser,16000,4,0,2.020184
parser,16000,4,6,2.023808
parser,16000,4,1,2.022249
parser,16000,5,7,1.217264
parser,16000,5,4,1.225764
parser,16000,5,5,1.224264
parser,16000,5,9,1.226139
parser,16000,5,8,1.218014
parser,16000,5,2,1.227139
parser,16000,5,3,1.225764
parser,16000,5,0,1.216014
parser,16000,5,6,1.217264
parser,16000,5,1,1.218014
parser,16000,2,7,1.222813
parser,16000,2,4,1.222438
parser,16000,2,5,1.230077
parser,16000,2,9,1.219188
parser,16000,2,8,1.223688
parser,16000,2,2,1.223313
parser,16000,2,3,1.222438
parser,16000,2,0,1.218938
parser,16000,2,6,1.214438
parser,16000,2,1,1.223688
parser,16000,3,7,1.221937
parser,16000,3,4,1.221549
parser,16000,3,5,1.220840
parser,16000,3,9,1.218312
parser,16000,3,8,1.220424
parser,16000,3,2,1.220187
parser,16000,3,3,1.220187
parser,16000,3,0,1.227313
parser,16000,3,6,1.218312
parser,16000,3,1,1.220187
parser,16000,0,7,1.767096
parser,16000,0,4,1.787148
parser,16000,0,5,1.759610
parser,16000,0,9,1.479527
parser,16000,0,8,1.768543
parser,16000,0,2,1.766144
parser,16000,0,3,1.770202
parser,16000,0,0,1.768957
parser,16000,0,6,1.752016
parser,16000,0,1,1.771332
parser,16000,6,7,2.411952
parser,16000,6,4,2.065946
parser,16000,6,5,3.753672
parser,16000,6,9,4.610139
parser,16000,6,8,6.126625
parser,16000,6,2,2.817051
parser,16000,6,3,2.061129
parser,16000,6,0,3.028496
parser,16000,6,6,5.115103
parser,16000,6,1,2.634477
parser,16000,1,7,1.487627
parser,16000,1,4,0.838948
parser,16000,1,5,1.426483
parser,16000,1,9,1.410651
parser,16000,1,8,0.847577
parser,16000,1,2,1.291081
parser,16000,1,3,1.003938
parser,16000,1,0,1.527066
parser,16000,1,6,1.485000
parser,16000,1,1,1.448744
parser,8000,7,7,1.199325
parser,8000,7,4,1.199575
parser,8000,7,5,1.188047
parser,8000,7,9,1.202549
parser,8000,7,8,1.261125
parser,8000,7,2,1.199675
parser,8000,7,3,1.182102
parser,8000,7,0,1.178353
parser,8000,7,6,1.203426
parser,8000,7,1,1.199925
parser,8000,14,7,1.189922
parser,8000,14,4,1.186172
parser,8000,14,5,1.200650
parser,8000,14,9,1.202799
parser,8000,14,8,1.183602
parser,8000,14,2,1.203426
parser,8000,14,3,1.183671
parser,8000,14,0,1.172500
parser,8000,14,6,1.195924
parser,8000,14,1,1.183921
parser,8000,4,7,1.185555
parser,8000,4,4,2.270852
parser,8000,4,5,2.351257
parser,8000,4,9,1.185579
parser,8000,4,8,1.172668
parser,8000,4,2,1.272966
parser,8000,4,3,1.078740
parser,8000,4,0,2.754469
parser,8000,4,6,1.765471
parser,8000,4,1,1.405801
parser,8000,5,7,1.184056
parser,8000,5,4,2.404027
parser,8000,5,5,2.467000
parser,8000,5,9,1.199675
parser,8000,5,8,1.203176
parser,8000,5,2,2.299862
parser,8000,5,3,2.396024
parser,8000,5,0,2.906512
parser,8000,5,6,1.178750
parser,8000,5,1,1.181148
parser,8000,13,0,2.356661
parser,8000,13,1,1.203100
parser,8000,9,0,3.126641
parser,8000,8,4,5.091989
parser,8000,8,5,4.577197
parser,8000,8,2,2.336375
parser,8000,8,3,5.041630
parser,8000,8,0,1.203074
parser,8000,8,1,7.723750
parser,8000,2,7,2.459365
parser,8000,2,4,1.203100
parser,8000,2,5,1.185602
parser,8000,2,9,1.203100
parser,8000,2,8,3.139823
parser,8000,2,2,2.640455
parser,8000,2,3,2.855232
parser,8000,2,0,2.368856
parser,8000,2,6,1.174603
parser,8000,2,1,2.675287
parser,8000,3,7,1.182921
parser,8000,3,4,1.199350
parser,8000,3,5,1.262842
parser,8000,3,9,1.203074
parser,8000,3,8,1.199675
parser,8000,3,2,1.185579
parser,8000,3,3,1.199050
parser,8000,3,0,1.185852
parser,8000,3,6,1.178670
parser,8000,3,1,1.184500
parser,8000,0,7,1.202799
parser,8000,0,4,1.186672
parser,8000,0,5,1.183921
parser,8000,0,9,1.188547
parser,8000,0,8,1.241685
parser,8000,0,2,1.121890
parser,8000,0,3,1.254689
parser,8000,0,0,2.794750
parser,8000,0,6,1.245064
parser,8000,0,1,2.760470
parser,8000,10,4,2.807303
parser,8000,10,5,2.813195
parser,8000,10,2,1.713322
parser,8000,10,3,2.784733
parser,8000,10,0,3.294838
parser,8000,10,6,2.343543
parser,8000,10,1,1.700700
parser,8000,11,7,2.783804
parser,8000,11,4,2.363045
parser,8000,11,5,2.767096
parser,8000,11,9,2.797199
parser,8000,11,8,2.782946
parser,8000,11,2,1.701125
parser,8000,11,3,2.948263
parser,8000,11,0,2.358670
parser,8000,11,6,2.366171
parser,8000,11,1,2.803076
parser,8000,12,7,1.185829
parser,8000,12,4,1.186797
parser,8000,12,5,1.199675
parser,8000,12,9,1.200650
parser,8000,12,8,1.199825
parser,8000,12,2,1.203074
parser,8000,12,3,1.187570
parser,8000,12,0,2.355044
parser,8000,12,6,1.183306
parser,8000,12,1,1.187672
parser,8000,6,7,1.253595
parser,8000,6,4,1.200550
parser,8000,6,5,1.203426
parser,8000,6,9,1.259282
parser,8000,6,8,1.186828
parser,8000,6,2,1.239500
parser,8000,6,3,1.186172
parser,8000,6,0,3.699275
parser,8000,6,6,1.202949
parser,8000,6,1,2.395201
parser,8000,1,7,1.203326
parser,8000,1,4,0.683744
parser,8000,1,5,0.775972
parser,8000,1,9,1.248343
parser,8000,1,8,1.187172
parser,8000,1,2,3.089636
parser,8000,1,3,2.454307
parser,8000,1,0,6.647750
parser,8000,1,6,1.203551
parser,8000,1,1,2.937406
radix2,1000,7,7,1.490964
radix2,1000,7,4,1.675622
radix2,1000,7,5,1.452811
radix2,1000,7,2,1.818000
radix2,1000,7,3,1.441000
radix2,1000,7,0,1.662338
radix2,1000,7,6,1.681275
radix2,1000,7,1,1.428000
radix2,1000,4,7,0.469000
radix2,1000,4,4,0.452261
radix2,1000,4,5,0.585930
radix2,1000,4,9,0.588000
radix2,1000,4,8,0.448551
radix2,1000,4,2,0.616766
radix2,1000,4,3,0.452452
radix2,1000,4,0,0.449449
radix2,1000,4,6,0.450000
radix2,1000,4,1,0.449102
radix2,1000,5,7,4.161323
radix2,1000,5,4,3.047714
radix2,1000,5,5,2.878636
radix2,1000,5,9,4.001002
radix2,1000,5,8,2.830846
radix2,1000,5,2,4.710711
radix2,1000,5,3,3.515030
radix2,1000,5,0,4.209629
radix2,1000,5,6,3.789579
radix2,1000,5,1,4.482482
radix2,1000,2,7,2.234765
radix2,1000,2,4,2.103896
radix2,1000,2,5,2.235764
radix2,1000,2,9,2.316316
radix2,1000,2,8,2.235764
radix2,1000,2,2,2.242728
radix2,1000,2,3,2.233766
radix2,1000,2,0,2.235764
radix2,1000,2,6,2.235764
radix2,1000,2,1,1.863000
radix2,1000,3,7,0.929071
radix2,1000,3,4,0.824000
radix2,1000,3,5,0.823000
radix2,1000,3,9,0.903000
radix2,1000,3,8,0.828000
radix2,1000,3,2,0.877000
radix2,1000,3,3,0.955045
radix2,1000,3,0,0.930140
radix2,1000,3,6,0.880762
radix2,1000,3,1,0.855000
radix2,1000,0,7,0.803589
radix2,1000,0,4,0.742000
radix2,1000,0,5,0.852705
radix2,1000,0,9,0.942886
radix2,1000,0,8,0.832497
radix2,1000,0,2,1.000000
radix2,1000,0,3,0.798000
radix2,1000,0,0,0.740741
radix2,1000,0,6,0.927000
radix2,1000,0,1,0.744745
radix2,1000,6,7,3.548096
radix2,1000,6,4,2.749000
radix2,1000,6,5,3.196196
radix2,1000,6,9,6.056886
radix2,1000,6,8,2.553000
radix2,1000,6,2,3.363000
radix2,1000,6,3,3.280000
radix2,1000,6,0,2.961039
radix2,1000,6,6,2.710000
radix2,1000,6,1,3.177822
radix2,1000,1,7,0.937000
radix2,1000,1,4,0.598599
radix2,1000,1,5,0.755756
radix2,1000,1,9,0.829000
radix2,1000,1,8,0.820821
radix2,1000,1,2,0.847610
radix2,1000,1,3,0.793794
radix2,1000,1,0,0.998000
radix2,1000,1,6,0.646000
radix2,1000,1,1,0.837163
radix2,2000,7,7,0.671500
radix2,2000,7,4,0.816500
radix2,2000,7,5,0.882177
radix2,2000,7,9,0.770270
radix2,2000,7,8,0.935435
radix2,2000,7,2,0.713357
radix2,2000,7,3,0.939439
radix2,2000,7,0,0.450676
radix2,2000,7,6,0.829171
radix2,2000,7,1,0.453681
radix2,2000,4,7,3.540460
radix2,2000,4,4,2.235265
radix2,2000,4,5,13.730404
radix2,2000,4,9,4.236382
radix2,2000,4,8,0.826000
radix2,2000,4,2,0.658647
radix2,2000,4,3,0.827586
radix2,2000,4,0,0.834665
radix2,2000,4,6,7.613080
radix2,2000,4,1,0.900450
radix2,2000,5,7,3.820500
radix2,2000,5,4,2.235265
radix2,2000,5,5,0.756122
radix2,2000,5,9,2.273863
radix2,2000,5,8,2.238858
radix2,2000,5,2,0.851500
radix2,2000,5,3,2.235265
radix2,2000,5,0,0.766383
radix2,2000,5,6,2.863500
radix2,2000,5,1,2.237500
radix2,2000,9,7,0.451678
radix2,2000,9,4,2.236382
radix2,2000,9,5,9.690655
radix2,2000,9,9,0.452821
radix2,2000,9,8,10.323676
radix2,2000,9,2,2.370444
radix2,2000,9,3,2.259740
radix2,2000,9,0,0.940500
radix2,2000,9,6,8.828000
radix2,2000,9,1,0.533801
radix2,2000,8,2,8.813187
radix2,2000,8,3,2.211211
radix2,2000,8,0,2.221279
radix2,2000,8,1,2.264264
radix2,2000,2,7,0.775500
radix2,2000,2,4,0.877377
radix2,2000,2,5,0.720640
radix2,2000,2,9,0.772114
radix2,2000,2,8,0.669165
radix2,2000,2,2,0.879500
radix2,2000,2,3,0.786893
radix2,2000,2,0,2.419290
radix2,2000,2,6,0.769845
radix2,2000,2,1,0.800300
radix2,2000,3,7,0.845654
radix2,2000,3,4,0.675162
radix2,2000,3,5,0.722723
radix2,2000,3,9,3.218391
radix2,2000,3,8,10.894553
radix2,2000,3,2,0.883558
radix2,2000,3,3,0.785607
radix2,2000,3,0,3.990000
radix2,2000,3,6,0.664164
radix2,2000,3,1,0.717217
radix2,2000,0,7,0.751249
radix2,2000,0,4,0.450000
radix2,2000,0,5,0.766117
radix2,2000,0,9,0.753247
radix2,2000,0,8,0.825413
radix2,2000,0,2,0.822677
radix2,2000,0,3,7.647176
radix2,2000,0,0,3.700500
radix2,2000,0,6,0.730539
radix2,2000,0,1,0.795102
radix2,2000,10,7,0.761000
radix2,2000,10,4,0.450676
radix2,2000,10,5,0.449000
radix2,2000,10,9,0.687187
radix2,2000,10,8,0.825175
radix2,2000,10,2,3.356822
radix2,2000,10,3,4.326500
radix2,2000,10,0,3.497500
radix2,2000,10,6,0.859000
radix2,2000,10,1,3.422422
radix2,2000,11,4,9.544228
radix2,2000,11,2,3.038038
radix2,2000,11,3,2.711644
radix2,2000,11,0,2.980000
radix2,2000,11,1,3.368684
radix2,2000,12,7,0.850851
radix2,2000,12,4,0.828070
radix2,2000,12,5,0.814629
radix2,2000,12,9,0.824500
radix2,2000,12,8,0.807692
radix2,2000,12,2,0.704500
radix2,2000,12,3,0.875686
radix2,2000,12,0,3.779000
radix2,2000,12,6,0.719500
radix2,2000,12,1,3.915000
radix2,2000,6,7,0.720802
radix2,2000,6,4,0.707293
radix2,2000,6,5,0.774387
radix2,2000,6,9,0.757863
radix2,2000,6,8,0.824060
radix2,2000,6,2,0.870130
radix2,2000,6,3,0.847576
radix2,2000,6,0,8.595500
radix2,2000,6,6,0.775439
radix2,2000,6,1,4.000000
radix2,2000,1,7,0.780890
radix2,2000,1,4,0.792104
radix2,2000,1,5,0.778056
radix2,2000,1,9,0.861500
radix2,2000,1,8,0.732500
radix2,2000,1,2,0.724449
radix2,2000,1,3,0.789605
radix2,2000,1,0,0.747874
radix2,2000,1,6,0.937594
radix2,2000,1,1,0.673337
radix2,32000,4,4,4.707112
radix2,32000,4,5,2.685115
radix2,32000,4,2,1.916786
radix2,32000,4,3,3.627531
radix2,32000,4,0,3.061031
radix2,32000,4,1,2.225055
radix2,32000,2,2,0.897225
radix2,32000,2,0,0.741782
radix2,32000,2,1,0.702834
radix2,32000,3,7,2.290147
radix2,32000,3,4,2.292509
radix2,32000,3,5,2.290259
radix2,32000,3,9,2.285522
radix2,32000,3,8,2.297344
radix2,32000,3,2,2.293397
radix2,32000,3,3,2.287089
radix2,32000,3,0,2.295688
radix2,32000,3,6,2.295638
radix2,32000,3,1,2.289535
radix2,32000,0,0,1.822307
radix2,32000,1,7,0.698044
radix2,32000,1,4,0.746078
radix2,32000,1,5,0.701616
radix2,32000,1,9,0.702671
radix2,32000,1,8,0.695416
radix2,32000,1,2,0.692187
radix2,32000,1,3,0.694365
radix2,32000,1,0,0.699541
radix2,32000,1,6,0.692978
radix2,32000,1,1,0.700169
radix2,4000,7,0,3.318250
radix2,4000,7,1,2.845000
radix2,4000,4,0,0.792759
radix2,4000,5,7,0.731433
radix2,4000,5,4,0.841290
radix2,4000,5,5,0.786303
radix2,4000,5,9,0.820500
radix2,4000,5,8,0.787197
radix2,4000,5,2,0.733734
radix2,4000,5,3,0.837122
radix2,4000,5,0,0.801200
radix2,4000,5,6,0.877123
radix2,4000,5,1,0.781219
radix2,4000,9,7,2.288606
radix2,4000,9,4,1.396500
radix2,4000,9,5,5.874281
radix2,4000,9,9,3.324250
radix2,4000,9,8,0.850575
radix2,4000,9,2,0.451500
radix2,4000,9,3,0.820455
radix2,4000,9,0,0.451548
radix2,4000,9,6,2.120340
radix2,4000,9,1,0.744250
radix2,4000,8,7,0.780000
radix2,4000,8,4,0.872250
radix2,4000,8,5,0.783946
radix2,4000,8,9,0.802451
radix2,4000,8,8,0.810500
radix2,4000,8,2,0.769750
radix2,4000,8,3,0.845634
radix2,4000,8,0,0.771057
radix2,4000,8,6,0.745000
radix2,4000,8,1,0.826630
radix2,4000,2,4,2.782359
radix2,4000,2,2,3.023267
radix2,4000,2,3,3.345586
radix2,4000,2,0,6.191143
radix2,4000,2,1,7.418500
radix2,4000,3,7,0.749250
radix2,4000,3,4,0.787213
radix2,4000,3,5,0.872186
radix2,4000,3,9,0.487000
radix2,4000,3,8,0.856750
radix2,4000,3,2,0.769135
radix2,4000,3,3,0.774500
radix2,4000,3,0,0.479250
radix2,4000,3,6,0.767500
radix2,4000,3,1,0.450275
radix2,4000,0,7,2.216250
radix2,4000,0,4,2.216250
radix2,4000,0,5,2.216250
radix2,4000,0,9,2.256750
radix2,4000,0,8,2.196750
radix2,4000,0,2,3.649925
radix2,4000,0,3,2.230500
radix2,4000,0,0,0.748250
radix2,4000,0,6,2.249750
radix2,4000,0,1,1.828207
radix2,4000,10,7,5.624594
radix2,4000,10,4,8.344156
radix2,4000,10,5,2.255309
radix2,4000,10,9,7.512622
radix2,4000,10,8,4.943264
radix2,4000,10,2,11.437500
radix2,4000,10,3,2.249562
radix2,4000,10,0,2.216500
radix2,4000,10,6,3.132617
radix2,4000,10,1,1.684421
radix2,4000,11,7,4.425250
radix2,4000,11,4,3.226080
radix2,4000,11,5,2.938000
radix2,4000,11,9,4.626437
radix2,4000,11,8,8.849038
radix2,4000,11,2,7.531383
radix2,4000,11,3,3.677169
radix2,4000,11,0,2.697349
radix2,4000,11,6,2.523369
radix2,4000,11,1,5.982263
radix2,4000,12,7,0.876938
radix2,4000,12,4,0.733067
radix2,4000,12,5,0.857286
radix2,4000,12,9,0.751188
radix2,4000,12,8,0.858679
radix2,4000,12,2,0.779750
radix2,4000,12,3,0.791291
radix2,4000,12,0,2.377311
radix2,4000,12,6,0.802401
radix2,4000,12,1,0.762559
radix2,4000,6,4,0.790250
radix2,4000,6,2,0.487616
radix2,4000,6,3,2.605303
radix2,4000,6,0,0.487500
radix2,4000,6,1,6.665250
radix2,4000,1,7,0.761750
radix2,4000,1,4,0.862569
radix2,4000,1,5,0.765691
radix2,4000,1,9,0.765500
radix2,4000,1,8,1.409443
radix2,4000,1,2,0.760570
radix2,4000,1,3,1.345173
radix2,4000,1,0,0.751562
radix2,4000,1,6,0.813203
radix2,4000,1,1,0.816342
radix2,16000,4,7,2.300813
radix2,16000,4,4,2.344707
radix2,16000,4,5,2.293963
radix2,16000,4,9,2.289089
radix2,16000,4,8,2.294857
radix2,16000,4,2,2.352268
radix2,16000,4,3,2.348706
radix2,16000,4,0,2.347584
radix2,16000,4,6,2.295062
radix2,16000,4,1,2.339958
radix2,16000,2,7,2.021870
radix2,16000,2,4,3.875328
radix2,16000,2,5,2.483470
radix2,16000,2,9,5.173011
radix2,16000,2,8,6.085432
radix2,16000,2,2,2.544568
radix2,16000,2,3,2.608239
radix2,16000,2,0,4.465346
radix2,16000,2,6,2.089375
radix2,16000,2,1,3.109576
radix2,16000,3,7,0.756780
radix2,16000,3,4,0.758782
radix2,16000,3,5,0.769716
radix2,16000,3,9,0.756280
radix2,16000,3,8,0.766110
radix2,16000,3,2,0.769014
radix2,16000,3,3,0.760202
radix2,16000,3,0,0.756360
radix2,16000,3,6,0.750031
radix2,16000,3,1,0.774361
radix2,16000,0,0,0.834271
radix2,16000,1,4,2.918745
radix2,16000,1,2,0.787902
radix2,16000,1,3,1.085687
radix2,16000,1,0,1.088057
radix2,16000,1,1,0.739500
radix2,8000,4,7,0.789605
radix2,8000,4,4,0.801275
radix2,8000,4,5,0.776153
radix2,8000,4,9,0.785125
radix2,8000,4,8,0.792474
radix2,8000,4,2,0.793927
radix2,8000,4,3,0.785304
radix2,8000,4,0,0.774250
radix2,8000,4,6,0.776903
radix2,8000,4,1,0.775625
radix2,8000,5,7,2.700950
radix2,8000,5,4,2.998125
radix2,8000,5,5,6.940485
radix2,8000,5,9,7.617191
radix2,8000,5,8,3.008502
radix2,8000,5,2,2.924144
radix2,8000,5,3,2.890264
radix2,8000,5,0,3.933608
radix2,8000,5,6,2.674919
radix2,8000,5,1,2.926482
radix2,8000,2,7,0.859910
radix2,8000,2,4,0.755439
radix2,8000,2,5,0.768884
radix2,8000,2,9,0.787027
radix2,8000,2,8,0.755314
radix2,8000,2,2,0.782543
radix2,8000,2,3,0.893750
radix2,8000,2,0,0.856964
radix2,8000,2,6,0.761125
radix2,8000,2,1,0.786098
radix2,8000,3,7,2.305049
radix2,8000,3,4,2.329376
radix2,8000,3,5,2.297014
radix2,8000,3,9,2.290464
radix2,8000,3,8,2.307712
radix2,8000,3,2,2.295389
radix2,8000,3,3,2.280500
radix2,8000,3,0,2.300250
radix2,8000,3,6,2.287286
radix2,8000,3,1,2.290589
radix2,8000,0,0,3.078510
radix2,8000,6,7,0.780527
radix2,8000,6,4,0.813718
radix2,8000,6,5,0.784804
radix2,8000,6,9,0.796225
radix2,8000,6,8,0.772085
radix2,8000,6,2,0.783956
radix2,8000,6,3,0.780848
radix2,8000,6,0,0.764154
radix2,8000,6,6,0.744782
radix2,8000,6,1,0.769154
radix2,8000,1,7,1.370171
radix2,8000,1,4,0.903250
radix2,8000,1,5,0.931517
radix2,8000,1,8,1.378689
radix2,8000,1,2,0.806524
radix2,8000,1,3,0.919395
radix2,8000,1,0,0.575390
radix2,8000,1,6,1.411272
radix2,8000,1,1,0.814023
sha,1000,7,7,5.891675
sha,1000,7,4,8.505000
sha,1000,7,5,8.124000
sha,1000,7,8,6.128128
sha,1000,7,2,6.199800
sha,1000,7,3,10.429000
sha,1000,7,0,2.305000
sha,1000,7,6,5.471058
sha,1000,7,1,4.170000
sha,1000,4,7,2.866000
sha,1000,4,4,3.239000
sha,1000,4,5,2.727000
sha,1000,4,8,2.404595
sha,1000,4,2,2.930140
sha,1000,4,3,3.376376
sha,1000,4,0,3.219561
sha,1000,4,6,3.529058
sha,1000,4,1,3.213000
sha,1000,5,2,1.154691
sha,1000,5,3,1.723447
sha,1000,5,0,2.368000
sha,1000,5,1,4.502000
sha,1000,9,7,9.142857
sha,1000,9,4,4.125874
sha,1000,9,5,2.907371
sha,1000,9,9,7.569721
sha,1000,9,8,11.446894
sha,1000,9,2,4.724551
sha,1000,9,3,13.861139
sha,1000,9,0,16.611000
sha,1000,9,6,13.824176
sha,1000,9,1,4.525000
sha,1000,8,7,4.546092
sha,1000,8,4,7.418744
sha,1000,8,5,5.563564
sha,1000,8,9,9.206000
sha,1000,8,8,13.852853
sha,1000,8,2,7.531406
sha,1000,8,3,3.193581
sha,1000,8,0,13.780000
sha,1000,8,6,5.202000
sha,1000,8,1,6.597403
sha,1000,2,7,0.588645
sha,1000,2,4,0.449550
sha,1000,2,5,0.450100
sha,1000,2,9,0.588000
sha,1000,2,8,0.614770
sha,1000,2,2,0.447552
sha,1000,2,3,0.450100
sha,1000,2,0,0.449550
sha,1000,2,6,0.463536
sha,1000,2,1,0.614770
sha,1000,3,7,3.244244
sha,1000,3,4,2.104313
sha,1000,3,5,3.082834
sha,1000,3,9,3.177645
sha,1000,3,8,2.731732
sha,1000,3,2,2.846077
sha,1000,3,3,4.611446
sha,1000,3,0,2.331000
sha,1000,3,6,3.631000
sha,1000,3,1,4.391000
sha,1000,0,7,0.917836
sha,1000,0,4,0.922311
sha,1000,0,5,0.915085
sha,1000,0,9,0.915085
sha,1000,0,8,0.918756
sha,1000,0,2,0.935065
sha,1000,0,3,1.076076
sha,1000,0,0,0.918675
sha,1000,0,6,1.052789
sha,1000,0,1,0.928072
sha,1000,6,4,5.423423
sha,1000,6,2,8.423270
sha,1000,6,3,3.174000
sha,1000,6,0,10.092722
sha,1000,6,1,7.829000
sha,1000,1,7,2.619381
sha,1000,1,4,2.638000
sha,1000,1,5,1.360360
sha,1000,1,9,2.739261
sha,1000,1,8,2.907631
sha,1000,1,2,1.379860
sha,1000,1,3,1.358434
sha,1000,1,0,1.388388
sha,1000,1,6,1.369000
sha,1000,1,1,2.667000
sha,2000,4,4,9.517723
sha,2000,4,2,3.361862
sha,2000,4,3,2.626000
sha,2000,4,0,2.992000
sha,2000,4,1,3.041937
sha,2000,5,7,6.279419
sha,2000,5,4,7.389890
sha,2000,5,5,5.106947
sha,2000,5,9,5.636182
sha,2000,5,8,3.643143
sha,2000,5,2,3.676500
sha,2000,5,3,4.335000
sha,2000,5,0,8.307346
sha,2000,5,6,6.801000
sha,2000,5,1,9.013000
sha,2000,2,7,3.805903
sha,2000,2,4,3.652806
sha,2000,2,5,3.579210
sha,2000,2,9,2.502997
sha,2000,2,8,2.947474
sha,2000,2,2,3.576500
sha,2000,2,3,3.088911
sha,2000,2,0,4.159740
sha,2000,2,6,2.919580
sha,2000,2,1,3.570356
sha,2000,3,7,0.923462
sha,2000,3,4,0.929500
sha,2000,3,5,0.852705
sha,2000,3,9,0.866733
sha,2000,3,8,0.927500
sha,2000,3,2,0.924500
sha,2000,3,3,0.927355
sha,2000,3,0,0.918000
sha,2000,3,6,0.914086
sha,2000,3,1,0.851703
sha,2000,0,7,1.712569
sha,2000,0,4,1.122500
sha,2000,0,5,1.142000
sha,2000,0,9,1.836082
sha,2000,0,8,1.866165
sha,2000,0,2,1.187688
sha,2000,0,3,1.105000
sha,2000,0,0,1.117706
sha,2000,0,6,1.664497
sha,2000,0,1,1.043022
sha,2000,6,7,11.876500
sha,2000,6,4,8.443278
sha,2000,6,5,2.054054
sha,2000,6,9,9.044978
sha,2000,6,8,4.935435
sha,2000,6,2,4.099500
sha,2000,6,3,4.520719
sha,2000,6,0,15.275000
sha,2000,6,6,7.577134
sha,2000,6,1,7.960000
sha,2000,1,7,0.449775
sha,2000,1,4,0.533233
sha,2000,1,5,0.449775
sha,2000,1,9,1.462500
sha,2000,1,8,0.519000
sha,2000,1,2,0.449500
sha,2000,1,3,0.449275
sha,2000,1,0,0.452405
sha,2000,1,6,0.450000
sha,2000,1,1,0.521042
sha,32000,2,2,0.617829
sha,32000,2,3,0.671698
sha,32000,2,0,0.614788
sha,32000,2,1,0.675345
sha,32000,3,4,4.707697
sha,32000,3,5,3.379945
sha,32000,3,2,1.912500
sha,32000,3,3,2.684250
sha,32000,3,0,3.084060
sha,32000,3,1,2.321061
sha,32000,0,7,0.671562
sha,32000,0,4,0.649956
sha,32000,0,5,0.641549
sha,32000,0,9,0.647292
sha,32000,0,8,0.654750
sha,32000,0,2,0.671208
sha,32000,0,3,0.657761
sha,32000,0,0,0.655064
sha,32000,0,6,0.654374
sha,32000,0,1,0.658281
sha,32000,1,7,0.627301
sha,32000,1,4,0.627016
sha,32000,1,5,0.627703
sha,32000,1,9,0.614901
sha,32000,1,8,0.615714
sha,32000,1,2,0.625703
sha,32000,1,3,0.625676
sha,32000,1,0,0.625641
sha,32000,1,6,0.627516
sha,32000,1,1,0.625703
sha,4000,7,7,0.736500
sha,4000,7,4,0.706000
sha,4000,7,5,0.761500
sha,4000,7,9,0.730000
sha,4000,7,8,0.730000
sha,4000,7,2,0.731000
sha,4000,7,3,0.783412
sha,4000,7,0,0.730000
sha,4000,7,6,0.734500
sha,4000,7,1,0.730000
sha,4000,4,4,7.885836
sha,4000,4,2,2.393697
sha,4000,4,3,9.339415
sha,4000,4,0,5.462347
sha,4000,4,1,5.340495
sha,4000,5,7,7.378500
sha,4000,5,4,3.020010
sha,4000,5,5,7.301425
sha,4000,5,2,6.346673
sha,4000,5,3,5.081000
sha,4000,5,0,5.796597
sha,4000,5,6,11.209145
sha,4000,5,1,8.311688
sha,4000,8,0,7.739815
sha,4000,2,0,3.297399
sha,4000,2,1,2.801099
sha,4000,3,7,0.728864
sha,4000,3,4,0.758440
sha,4000,3,5,0.758879
sha,4000,3,9,0.729865
sha,4000,3,8,0.739435
sha,4000,3,2,0.762941
sha,4000,3,3,0.704852
sha,4000,3,0,0.727432
sha,4000,3,6,0.733933
sha,4000,3,1,0.729865
sha,4000,0,7,1.240880
sha,4000,0,4,2.434707
sha,4000,0,5,1.267567
sha,4000,0,9,1.274500
sha,4000,0,8,0.845211
sha,4000,0,2,1.294647
sha,4000,0,3,0.870185
sha,4000,0,0,1.246623
sha,4000,0,6,0.823794
sha,4000,0,1,0.830462
sha,4000,6,7,0.529368
sha,4000,6,4,0.450750
sha,4000,6,5,0.450936
sha,4000,6,9,0.451000
sha,4000,6,8,0.451000
sha,4000,6,2,0.955772
sha,4000,6,3,0.679830
sha,4000,6,0,1.058706
sha,4000,6,6,0.492750
sha,4000,6,1,0.985246
sha,4000,1,7,3.336668
sha,4000,1,4,2.428714
sha,4000,1,5,3.126937
sha,4000,1,9,3.340005
sha,4000,1,8,2.914957
sha,4000,1,2,2.852787
sha,4000,1,3,2.944000
sha,4000,1,0,3.109555
sha,4000,1,6,3.252437
sha,4000,1,1,3.243378
sha,16000,4,7,5.522902
sha,16000,4,4,2.445806
sha,16000,4,5,3.891743
sha,16000,4,2,2.506250
sha,16000,4,3,2.093932
sha,16000,4,0,2.794550
sha,16000,4,6,2.027807
sha,16000,4,1,3.172573
sha,16000,5,2,3.098700
sha,16000,5,0,4.535538
sha,16000,5,1,6.084812
sha,16000,2,0,1.392587
sha,16000,2,1,4.335604
sha,16000,3,7,0.736171
sha,16000,3,4,0.726483
sha,16000,3,5,0.599775
sha,16000,3,9,0.581698
sha,16000,3,8,0.720812
sha,16000,3,2,0.620086
sha,16000,3,3,0.740968
sha,16000,3,0,0.738598
sha,16000,3,6,0.657250
sha,16000,3,1,0.616693
sha,16000,0,7,0.694649
sha,16000,0,4,0.707659
sha,16000,0,5,0.700069
sha,16000,0,9,0.565669
sha,16000,0,8,0.708456
sha,16000,0,2,0.687965
sha,16000,0,3,0.702970
sha,16000,0,0,0.705607
sha,16000,0,6,0.648937
sha,16000,0,1,0.715616
sha,16000,1,7,0.628507
sha,16000,1,4,0.630836
sha,16000,1,5,0.628507
sha,16000,1,9,0.628507
sha,16000,1,8,0.630780
sha,16000,1,2,0.630836
sha,16000,1,3,0.628507
sha,16000,1,0,0.630780
sha,16000,1,6,0.630836
sha,16000,1,1,0.628507
sha,8000,4,7,0.711680
sha,8000,4,4,0.884486
sha,8000,4,5,0.669876
sha,8000,4,9,0.899400
sha,8000,4,8,0.641660
sha,8000,4,2,0.649300
sha,8000,4,3,0.870060
sha,8000,4,0,0.671209
sha,8000,4,6,0.875703
sha,8000,4,1,0.886082
sha,8000,5,4,5.173397
sha,8000,5,5,4.566000
sha,8000,5,2,3.300663
sha,8000,5,3,5.233963
sha,8000,5,0,7.597951
sha,8000,5,1,5.145500
sha,8000,2,0,3.053625
sha,8000,3,7,0.862586
sha,8000,3,4,1.375500
sha,8000,3,5,0.558279
sha,8000,3,9,0.592875
sha,8000,3,8,0.804625
sha,8000,3,2,0.836355
sha,8000,3,3,0.590471
sha,8000,3,0,0.567679
sha,8000,3,6,0.859482
sha,8000,3,1,0.849087
sha,8000,0,7,0.658079
sha,8000,0,4,0.655828
sha,8000,0,5,0.656328
sha,8000,0,9,0.656328
sha,8000,0,8,0.655828
sha,8000,0,2,0.661331
sha,8000,0,3,0.658079
sha,8000,0,0,0.655828
sha,8000,0,6,0.661331
sha,8000,0,1,0.656328
sha,8000,1,7,3.779972
sha,8000,1,4,2.995376
sha,8000,1,5,2.610750
sha,8000,1,9,2.863750
sha,8000,1,8,2.443389
sha,8000,1,2,2.878689
sha,8000,1,3,3.188774
sha,8000,1,0,2.914375
sha,8000,1,6,3.294412
sha,8000,1,1,3.904762
